"iso3c","iso2c","country","capital_city","longitude","latitude","region_iso3c","region_iso2c","region","admin_region_iso3c","admin_region_iso2c","admin_region","income_level_iso3c","income_level_iso2c","income_level","lending_type_iso3c","lending_type_iso2c","lending_type","date","BIZZ.CENSUS"
"AFG","AF","Afghanistan","Kabul",69.1761,34.5228,"SAS","8S","South Asia","SAS","8S","South Asia","LIC","XM","Low income","IDX","XI","IDA",2024,NA
"ALB","AL","Albania","Tirane",19.8172,41.3317,"ECS","Z7","Europe & Central Asia","ECA","7E","Europe & Central Asia (excluding high income)","UMC","XT","Upper middle income","IBD","XF","IBRD",2024,"Register based census"
"DZA","DZ","Algeria","Algiers",3.05097,36.7397,"MEA","ZQ","Middle East & North Africa","MNA","XQ","Middle East & North Africa (excluding high income)","UMC","XT","Upper middle income","IBD","XF","IBRD",2024,"2011"
"AGO","AO","Angola","Luanda",13.242,-8.81155,"SSF","ZG","Sub-Saharan Africa","SSA","ZF","Sub-Saharan Africa (excluding high income)","LMC","XN","Lower middle income","IBD","XF","IBRD",2024,"2003, 2011, 2021"
"ATG","AG","Antigua and Barbuda","Saint John's",-61.8456,17.1175,"LCN","ZJ","Latin America & Caribbean",NA,NA,NA,"HIC","XD","High income","IBD","XF","IBRD",2024,"Register based census"
"ARG","AR","Argentina","Buenos Aires",-58.4173,-34.6118,"LCN","ZJ","Latin America & Caribbean","LAC","XJ","Latin America & Caribbean (excluding high income)","UMC","XT","Upper middle income","IBD","XF","IBRD",2024,"2020"
"ARM","AM","Armenia","Yerevan",44.509,40.1596,"ECS","Z7","Europe & Central Asia","ECA","7E","Europe & Central Asia (excluding high income)","UMC","XT","Upper middle income","IBD","XF","IBRD",2024,"Register based census"
"AZE","AZ","Azerbaijan","Baku",49.8932,40.3834,"ECS","Z7","Europe & Central Asia","ECA","7E","Europe & Central Asia (excluding high income)","UMC","XT","Upper middle income","IBD","XF","IBRD",2024,"Register based census"
"BGD","BD","Bangladesh","Dhaka",90.4113,23.7055,"SAS","8S","South Asia","SAS","8S","South Asia","LMC","XN","Lower middle income","IDX","XI","IDA",2024,"Register based census"
"BLR","BY","Belarus","Minsk",27.5766,53.9678,"ECS","Z7","Europe & Central Asia","ECA","7E","Europe & Central Asia (excluding high income)","UMC","XT","Upper middle income","IBD","XF","IBRD",2024,"Register based census"
"BLZ","BZ","Belize","Belmopan",-88.7713,17.2534,"LCN","ZJ","Latin America & Caribbean","LAC","XJ","Latin America & Caribbean (excluding high income)","UMC","XT","Upper middle income","IDB","XH","Blend",2024,"Register based census"
"BEN","BJ","Benin","Porto-Novo",2.6323,6.4779,"SSF","ZG","Sub-Saharan Africa","SSA","ZF","Sub-Saharan Africa (excluding high income)","LMC","XN","Lower middle income","IDX","XI","IDA",2024,"2008"
"BTN","BT","Bhutan","Thimphu",89.6177,27.5768,"SAS","8S","South Asia","SAS","8S","South Asia","LMC","XN","Lower middle income","IDX","XI","IDA",2024,"2017"
"BOL","BO","Bolivia","La Paz",-66.1936,-13.9908,"LCN","ZJ","Latin America & Caribbean","LAC","XJ","Latin America & Caribbean (excluding high income)","LMC","XN","Lower middle income","IBD","XF","IBRD",2024,"Register based census"
"BIH","BA","Bosnia and Herzegovina","Sarajevo",18.4214,43.8607,"ECS","Z7","Europe & Central Asia","ECA","7E","Europe & Central Asia (excluding high income)","UMC","XT","Upper middle income","IBD","XF","IBRD",2024,"Register based census"
"BWA","BW","Botswana","Gaborone",25.9201,-24.6544,"SSF","ZG","Sub-Saharan Africa","SSA","ZF","Sub-Saharan Africa (excluding high income)","UMC","XT","Upper middle income","IBD","XF","IBRD",2024,"Register based census"
"BRA","BR","Brazil","Brasilia",-47.9292,-15.7801,"LCN","ZJ","Latin America & Caribbean","LAC","XJ","Latin America & Caribbean (excluding high income)","UMC","XT","Upper middle income","IBD","XF","IBRD",2024,"Register based census"
"BGR","BG","Bulgaria","Sofia",23.3238,42.7105,"ECS","Z7","Europe & Central Asia",NA,NA,NA,"HIC","XD","High income","IBD","XF","IBRD",2024,"Register based census"
"BFA","BF","Burkina Faso","Ouagadougou",-1.53395,12.3605,"SSF","ZG","Sub-Saharan Africa","SSA","ZF","Sub-Saharan Africa (excluding high income)","LIC","XM","Low income","IDX","XI","IDA",2024,"Register based census"
"BDI","BI","Burundi","Bujumbura",29.3639,-3.3784,"SSF","ZG","Sub-Saharan Africa","SSA","ZF","Sub-Saharan Africa (excluding high income)","LIC","XM","Low income","IDX","XI","IDA",2024,NA
"CPV","CV","Cabo Verde","Praia",-23.5087,14.9218,"SSF","ZG","Sub-Saharan Africa","SSA","ZF","Sub-Saharan Africa (excluding high income)","LMC","XN","Lower middle income","IDB","XH","Blend",2024,"2018"
"KHM","KH","Cambodia","Phnom Penh",104.874,11.5556,"EAS","Z4","East Asia & Pacific","EAP","4E","East Asia & Pacific (excluding high income)","LMC","XN","Lower middle income","IDX","XI","IDA",2024,"Register based census"
"CMR","CM","Cameroon","Yaounde",11.5174,3.8721,"SSF","ZG","Sub-Saharan Africa","SSA","ZF","Sub-Saharan Africa (excluding high income)","LMC","XN","Lower middle income","IDB","XH","Blend",2024,"2009, 2016"
"CAF","CF","Central African Republic","Bangui",21.6407,5.63056,"SSF","ZG","Sub-Saharan Africa","SSA","ZF","Sub-Saharan Africa (excluding high income)","LIC","XM","Low income","IDX","XI","IDA",2024,NA
"TCD","TD","Chad","N'Djamena",15.0445,12.1048,"SSF","ZG","Sub-Saharan Africa","SSA","ZF","Sub-Saharan Africa (excluding high income)","LIC","XM","Low income","IDX","XI","IDA",2024,NA
"CHL","CL","Chile","Santiago",-70.6475,-33.475,"LCN","ZJ","Latin America & Caribbean",NA,NA,NA,"HIC","XD","High income","IBD","XF","IBRD",2024,"Register based census"
"CHN","CN","China","Beijing",116.286,40.0495,"EAS","Z4","East Asia & Pacific","EAP","4E","East Asia & Pacific (excluding high income)","UMC","XT","Upper middle income","IBD","XF","IBRD",2024,"2019"
"COL","CO","Colombia","Bogota",-74.082,4.60987,"LCN","ZJ","Latin America & Caribbean","LAC","XJ","Latin America & Caribbean (excluding high income)","UMC","XT","Upper middle income","IBD","XF","IBRD",2024,"Register based census"
"COM","KM","Comoros","Moroni",43.2418,-11.6986,"SSF","ZG","Sub-Saharan Africa","SSA","ZF","Sub-Saharan Africa (excluding high income)","LMC","XN","Lower middle income","IDX","XI","IDA",2024,NA
"COD","CD","Congo, Dem. Rep.","Kinshasa",15.3222,-4.325,"SSF","ZG","Sub-Saharan Africa","SSA","ZF","Sub-Saharan Africa (excluding high income)","LIC","XM","Low income","IDX","XI","IDA",2024,NA
"COG","CG","Congo, Rep.","Brazzaville",15.2662,-4.2767,"SSF","ZG","Sub-Saharan Africa","SSA","ZF","Sub-Saharan Africa (excluding high income)","LMC","XN","Lower middle income","IDB","XH","Blend",2024,NA
"CRI","CR","Costa Rica","San Jose",-84.0089,9.63701,"LCN","ZJ","Latin America & Caribbean","LAC","XJ","Latin America & Caribbean (excluding high income)","UMC","XT","Upper middle income","IBD","XF","IBRD",2024,"Register based census"
"CIV","CI","Cote d'Ivoire","Yamoussoukro",-4.0305,5.332,"SSF","ZG","Sub-Saharan Africa","SSA","ZF","Sub-Saharan Africa (excluding high income)","LMC","XN","Lower middle income","IDX","XI","IDA",2024,"Register based census"
"HRV","HR","Croatia","Zagreb",15.9614,45.8069,"ECS","Z7","Europe & Central Asia",NA,NA,NA,"HIC","XD","High income","IBD","XF","IBRD",2024,"Register based census"
"DJI","DJ","Djibouti","Djibouti",43.1425,11.5806,"MEA","ZQ","Middle East & North Africa","MNA","XQ","Middle East & North Africa (excluding high income)","LMC","XN","Lower middle income","IDX","XI","IDA",2024,NA
"DMA","DM","Dominica","Roseau",-61.39,15.2976,"LCN","ZJ","Latin America & Caribbean","LAC","XJ","Latin America & Caribbean (excluding high income)","UMC","XT","Upper middle income","IDB","XH","Blend",2024,NA
"DOM","DO","Dominican Republic","Santo Domingo",-69.8908,18.479,"LCN","ZJ","Latin America & Caribbean","LAC","XJ","Latin America & Caribbean (excluding high income)","UMC","XT","Upper middle income","IBD","XF","IBRD",2024,"Register based census"
"ECU","EC","Ecuador","Quito",-78.5243,-0.229498,"LCN","ZJ","Latin America & Caribbean","LAC","XJ","Latin America & Caribbean (excluding high income)","UMC","XT","Upper middle income","IBD","XF","IBRD",2024,"Register based census"
"EGY","EG","Egypt, Arab Rep.","Cairo",31.2461,30.0982,"MEA","ZQ","Middle East & North Africa","MNA","XQ","Middle East & North Africa (excluding high income)","LMC","XN","Lower middle income","IBD","XF","IBRD",2024,"Register based census"
"SLV","SV","El Salvador","San Salvador",-89.2073,13.7034,"LCN","ZJ","Latin America & Caribbean","LAC","XJ","Latin America & Caribbean (excluding high income)","UMC","XT","Upper middle income","IBD","XF","IBRD",2024,"Register based census"
"GNQ","GQ","Equatorial Guinea","Malabo",8.7741,3.7523,"SSF","ZG","Sub-Saharan Africa","SSA","ZF","Sub-Saharan Africa (excluding high income)","UMC","XT","Upper middle income","IBD","XF","IBRD",2024,NA
"ERI","ER","Eritrea","Asmara",38.9183,15.3315,"SSF","ZG","Sub-Saharan Africa","SSA","ZF","Sub-Saharan Africa (excluding high income)","LIC","XM","Low income","IDX","XI","IDA",2024,NA
"SWZ","SZ","Eswatini","Mbabane",31.4659,-26.5225,"SSF","ZG","Sub-Saharan Africa","SSA","ZF","Sub-Saharan Africa (excluding high income)","LMC","XN","Lower middle income","IDB","XH","Blend",2024,"2011"
"ETH","ET","Ethiopia","Addis Ababa",38.7468,9.02274,"SSF","ZG","Sub-Saharan Africa","SSA","ZF","Sub-Saharan Africa (excluding high income)","LIC","XM","Low income","IDX","XI","IDA",2024,NA
"FJI","FJ","Fiji","Suva",178.399,-18.1149,"EAS","Z4","East Asia & Pacific","EAP","4E","East Asia & Pacific (excluding high income)","UMC","XT","Upper middle income","IDB","XH","Blend",2024,NA
"GAB","GA","Gabon","Libreville",9.45162,0.38832,"SSF","ZG","Sub-Saharan Africa","SSA","ZF","Sub-Saharan Africa (excluding high income)","UMC","XT","Upper middle income","IBD","XF","IBRD",2024,"2021"
"GMB","GM","Gambia, The","Banjul",-16.5885,13.4495,"SSF","ZG","Sub-Saharan Africa","SSA","ZF","Sub-Saharan Africa (excluding high income)","LIC","XM","Low income","IDX","XI","IDA",2024,"2014"
"GEO","GE","Georgia","Tbilisi",44.793,41.71,"ECS","Z7","Europe & Central Asia","ECA","7E","Europe & Central Asia (excluding high income)","UMC","XT","Upper middle income","IBD","XF","IBRD",2024,"Register based census"
"GHA","GH","Ghana","Accra",-0.20795,5.57045,"SSF","ZG","Sub-Saharan Africa","SSA","ZF","Sub-Saharan Africa (excluding high income)","LMC","XN","Lower middle income","IDX","XI","IDA",2024,"2003, 2013"
"GRD","GD","Grenada","Saint George's",-61.7449,12.0653,"LCN","ZJ","Latin America & Caribbean","LAC","XJ","Latin America & Caribbean (excluding high income)","UMC","XT","Upper middle income","IDB","XH","Blend",2024,NA
"GTM","GT","Guatemala","Guatemala City",-90.5328,14.6248,"LCN","ZJ","Latin America & Caribbean","LAC","XJ","Latin America & Caribbean (excluding high income)","UMC","XT","Upper middle income","IBD","XF","IBRD",2024,"Register based census"
"GIN","GN","Guinea","Conakry",-13.7,9.51667,"SSF","ZG","Sub-Saharan Africa","SSA","ZF","Sub-Saharan Africa (excluding high income)","LMC","XN","Lower middle income","IDX","XI","IDA",2024,NA
"GNB","GW","Guinea-Bissau","Bissau",-15.1804,11.8037,"SSF","ZG","Sub-Saharan Africa","SSA","ZF","Sub-Saharan Africa (excluding high income)","LIC","XM","Low income","IDX","XI","IDA",2024,NA
"GUY","GY","Guyana","Georgetown",-58.1548,6.80461,"LCN","ZJ","Latin America & Caribbean",NA,NA,NA,"HIC","XD","High income","IDX","XI","IDA",2024,NA
"HTI","HT","Haiti","Port-au-Prince",-72.3288,18.5392,"LCN","ZJ","Latin America & Caribbean","LAC","XJ","Latin America & Caribbean (excluding high income)","LMC","XN","Lower middle income","IDX","XI","IDA",2024,NA
"HND","HN","Honduras","Tegucigalpa",-87.4667,15.1333,"LCN","ZJ","Latin America & Caribbean","LAC","XJ","Latin America & Caribbean (excluding high income)","LMC","XN","Lower middle income","IDX","XI","IDA",2024,"Register based census"
"IND","IN","India","New Delhi",77.225,28.6353,"SAS","8S","South Asia","SAS","8S","South Asia","LMC","XN","Lower middle income","IBD","XF","IBRD",2024,"Register based census"
"IDN","ID","Indonesia","Jakarta",106.83,-6.19752,"EAS","Z4","East Asia & Pacific","EAP","4E","East Asia & Pacific (excluding high income)","UMC","XT","Upper middle income","IBD","XF","IBRD",2024,"Register based census"
"IRN","IR","Iran, Islamic Rep.","Tehran",51.4447,35.6878,"MEA","ZQ","Middle East & North Africa","MNA","XQ","Middle East & North Africa (excluding high income)","UMC","XT","Upper middle income","IBD","XF","IBRD",2024,"Register based census"
"IRQ","IQ","Iraq","Baghdad",44.394,33.3302,"MEA","ZQ","Middle East & North Africa","MNA","XQ","Middle East & North Africa (excluding high income)","UMC","XT","Upper middle income","IBD","XF","IBRD",2024,NA
"JAM","JM","Jamaica","Kingston",-76.792,17.9927,"LCN","ZJ","Latin America & Caribbean","LAC","XJ","Latin America & Caribbean (excluding high income)","UMC","XT","Upper middle income","IBD","XF","IBRD",2024,"Register based census"
"JOR","JO","Jordan","Amman",35.9263,31.9497,"MEA","ZQ","Middle East & North Africa","MNA","XQ","Middle East & North Africa (excluding high income)","LMC","XN","Lower middle income","IBD","XF","IBRD",2024,"2006, 2011, 2018"
"KAZ","KZ","Kazakhstan","Astana",71.4382,51.1879,"ECS","Z7","Europe & Central Asia","ECA","7E","Europe & Central Asia (excluding high income)","UMC","XT","Upper middle income","IBD","XF","IBRD",2024,"Register based census"
"KEN","KE","Kenya","Nairobi",36.8126,-1.27975,"SSF","ZG","Sub-Saharan Africa","SSA","ZF","Sub-Saharan Africa (excluding high income)","LMC","XN","Lower middle income","IDB","XH","Blend",2024,"2010, 2017"
"KIR","KI","Kiribati","Tarawa",172.979,1.32905,"EAS","Z4","East Asia & Pacific","EAP","4E","East Asia & Pacific (excluding high income)","LMC","XN","Lower middle income","IDX","XI","IDA",2024,NA
"XKX","XK","Kosovo","Pristina",20.926,42.565,"ECS","Z7","Europe & Central Asia","ECA","7E","Europe & Central Asia (excluding high income)","UMC","XT","Upper middle income","IDX","XI","IDA",2024,"Register based census"
"KGZ","KG","Kyrgyz Republic","Bishkek",74.6057,42.8851,"ECS","Z7","Europe & Central Asia","ECA","7E","Europe & Central Asia (excluding high income)","LMC","XN","Lower middle income","IDX","XI","IDA",2024,"Register based census"
"LAO","LA","Lao PDR","Vientiane",102.177,18.5826,"EAS","Z4","East Asia & Pacific","EAP","4E","East Asia & Pacific (excluding high income)","LMC","XN","Lower middle income","IDX","XI","IDA",2024,"Register based census"
"LBN","LB","Lebanon","Beirut",35.5134,33.8872,"MEA","ZQ","Middle East & North Africa","MNA","XQ","Middle East & North Africa (excluding high income)","LMC","XN","Lower middle income","IBD","XF","IBRD",2024,"Register based census"
"LSO","LS","Lesotho","Maseru",27.7167,-29.5208,"SSF","ZG","Sub-Saharan Africa","SSA","ZF","Sub-Saharan Africa (excluding high income)","LMC","XN","Lower middle income","IDX","XI","IDA",2024,"Register based census"
"LBR","LR","Liberia","Monrovia",-10.7957,6.30039,"SSF","ZG","Sub-Saharan Africa","SSA","ZF","Sub-Saharan Africa (excluding high income)","LIC","XM","Low income","IDX","XI","IDA",2024,"2017"
"LBY","LY","Libya","Tripoli",13.1072,32.8578,"MEA","ZQ","Middle East & North Africa","MNA","XQ","Middle East & North Africa (excluding high income)","UMC","XT","Upper middle income","IBD","XF","IBRD",2024,NA
"MKD","MK","North Macedonia","Skopje",21.4361,42.0024,"ECS","Z7","Europe & Central Asia","ECA","7E","Europe & Central Asia (excluding high income)","UMC","XT","Upper middle income","IBD","XF","IBRD",2024,"Register based census"
"MDG","MG","Madagascar","Antananarivo",45.7167,-20.4667,"SSF","ZG","Sub-Saharan Africa","SSA","ZF","Sub-Saharan Africa (excluding high income)","LIC","XM","Low income","IDX","XI","IDA",2024,NA
"MWI","MW","Malawi","Lilongwe",33.7703,-13.9899,"SSF","ZG","Sub-Saharan Africa","SSA","ZF","Sub-Saharan Africa (excluding high income)","LIC","XM","Low income","IDX","XI","IDA",2024,"2016"
"MYS","MY","Malaysia","Kuala Lumpur",101.684,3.12433,"EAS","Z4","East Asia & Pacific","EAP","4E","East Asia & Pacific (excluding high income)","UMC","XT","Upper middle income","IBD","XF","IBRD",2024,"Register based census"
"MDV","MV","Maldives","Male",73.5109,4.1742,"SAS","8S","South Asia","SAS","8S","South Asia","UMC","XT","Upper middle income","IDX","XI","IDA",2024,"Register based census"
"MLI","ML","Mali","Bamako",-7.50034,13.5667,"SSF","ZG","Sub-Saharan Africa","SSA","ZF","Sub-Saharan Africa (excluding high income)","LIC","XM","Low income","IDX","XI","IDA",2024,NA
"MHL","MH","Marshall Islands","Majuro",171.135,7.11046,"EAS","Z4","East Asia & Pacific","EAP","4E","East Asia & Pacific (excluding high income)","UMC","XT","Upper middle income","IDX","XI","IDA",2024,"Register based census"
"MRT","MR","Mauritania","Nouakchott",-15.9824,18.2367,"SSF","ZG","Sub-Saharan Africa","SSA","ZF","Sub-Saharan Africa (excluding high income)","LMC","XN","Lower middle income","IDX","XI","IDA",2024,NA
"MUS","MU","Mauritius","Port Louis",57.4977,-20.1605,"SSF","ZG","Sub-Saharan Africa","SSA","ZF","Sub-Saharan Africa (excluding high income)","UMC","XT","Upper middle income","IBD","XF","IBRD",2024,"Register based census"
"MEX","MX","Mexico","Mexico City",-99.1276,19.427,"LCN","ZJ","Latin America & Caribbean","LAC","XJ","Latin America & Caribbean (excluding high income)","UMC","XT","Upper middle income","IBD","XF","IBRD",2024,"Register based census"
"FSM","FM","Micronesia, Fed. Sts.","Palikir",158.185,6.91771,"EAS","Z4","East Asia & Pacific","EAP","4E","East Asia & Pacific (excluding high income)","LMC","XN","Lower middle income","IDX","XI","IDA",2024,NA
"MDA","MD","Moldova","Chisinau",28.8497,47.0167,"ECS","Z7","Europe & Central Asia","ECA","7E","Europe & Central Asia (excluding high income)","UMC","XT","Upper middle income","IBD","XF","IBRD",2024,"Register based census"
"MNG","MN","Mongolia","Ulaanbaatar",106.937,47.9129,"EAS","Z4","East Asia & Pacific","EAP","4E","East Asia & Pacific (excluding high income)","UMC","XT","Upper middle income","IBD","XF","IBRD",2024,"Register based census"
"MNE","ME","Montenegro","Podgorica",19.2595,42.4602,"ECS","Z7","Europe & Central Asia","ECA","7E","Europe & Central Asia (excluding high income)","UMC","XT","Upper middle income","IBD","XF","IBRD",2024,"Register based census"
"MAR","MA","Morocco","Rabat",-6.8704,33.9905,"MEA","ZQ","Middle East & North Africa","MNA","XQ","Middle East & North Africa (excluding high income)","LMC","XN","Lower middle income","IBD","XF","IBRD",2024,"2001"
"MOZ","MZ","Mozambique","Maputo",32.5713,-25.9664,"SSF","ZG","Sub-Saharan Africa","SSA","ZF","Sub-Saharan Africa (excluding high income)","LIC","XM","Low income","IDX","XI","IDA",2024,"2014"
"MMR","MM","Myanmar","Naypyidaw",95.9562,21.914,"EAS","Z4","East Asia & Pacific","EAP","4E","East Asia & Pacific (excluding high income)","LMC","XN","Lower middle income","IDX","XI","IDA",2024,"Register based census"
"NAM","NA","Namibia","Windhoek",17.0931,-22.5648,"SSF","ZG","Sub-Saharan Africa","SSA","ZF","Sub-Saharan Africa (excluding high income)","UMC","XT","Upper middle income","IBD","XF","IBRD",2024,"2019"
"NRU","NR","Nauru","Yaren District",166.920867,-0.5477,"EAS","Z4","East Asia & Pacific",NA,NA,NA,"HIC","XD","High income","IBD","XF","IBRD",2024,NA
"NPL","NP","Nepal","Kathmandu",85.3157,27.6939,"SAS","8S","South Asia","SAS","8S","South Asia","LMC","XN","Lower middle income","IDX","XI","IDA",2024,"2001, 2006, 2018"
"NIC","NI","Nicaragua","Managua",-86.2734,12.1475,"LCN","ZJ","Latin America & Caribbean","LAC","XJ","Latin America & Caribbean (excluding high income)","LMC","XN","Lower middle income","IDX","XI","IDA",2024,"2010"
"NER","NE","Niger","Niamey",2.1073,13.514,"SSF","ZG","Sub-Saharan Africa","SSA","ZF","Sub-Saharan Africa (excluding high income)","LIC","XM","Low income","IDX","XI","IDA",2024,"2022"
"NGA","NG","Nigeria","Abuja",7.48906,9.05804,"SSF","ZG","Sub-Saharan Africa","SSA","ZF","Sub-Saharan Africa (excluding high income)","LMC","XN","Lower middle income","IDB","XH","Blend",2024,NA
"PAK","PK","Pakistan","Islamabad",72.8,30.5167,"SAS","8S","South Asia","SAS","8S","South Asia","LMC","XN","Lower middle income","IDB","XH","Blend",2024,"Register based census"
"PLW","PW","Palau","Koror",134.479,7.34194,"EAS","Z4","East Asia & Pacific",NA,NA,NA,"HIC","XD","High income","IBD","XF","IBRD",2024,NA
"PAN","PA","Panama","Panama City",-79.5188,8.99427,"LCN","ZJ","Latin America & Caribbean",NA,NA,NA,"HIC","XD","High income","IBD","XF","IBRD",2024,"Register based census"
"PNG","PG","Papua New Guinea","Port Moresby",147.194,-9.47357,"EAS","Z4","East Asia & Pacific","EAP","4E","East Asia & Pacific (excluding high income)","LMC","XN","Lower middle income","IDB","XH","Blend",2024,NA
"PRY","PY","Paraguay","Asuncion",-57.6362,-25.3005,"LCN","ZJ","Latin America & Caribbean","LAC","XJ","Latin America & Caribbean (excluding high income)","UMC","XT","Upper middle income","IBD","XF","IBRD",2024,"Register based census"
"PER","PE","Peru","Lima",-77.0465,-12.0931,"LCN","ZJ","Latin America & Caribbean","LAC","XJ","Latin America & Caribbean (excluding high income)","UMC","XT","Upper middle income","IBD","XF","IBRD",2024,"Register based census"
"PHL","PH","Philippines","Manila",121.035,14.5515,"EAS","Z4","East Asia & Pacific","EAP","4E","East Asia & Pacific (excluding high income)","LMC","XN","Lower middle income","IBD","XF","IBRD",2024,"2006, 2012, 2018"
"POL","PL","Poland","Warsaw",21.02,52.26,"ECS","Z7","Europe & Central Asia",NA,NA,NA,"HIC","XD","High income","IBD","XF","IBRD",2024,"Register based census"
"ROU","RO","Romania","Bucharest",26.0979,44.4479,"ECS","Z7","Europe & Central Asia",NA,NA,NA,"HIC","XD","High income","IBD","XF","IBRD",2024,"Register based census"
"RUS","RU","Russian Federation","Moscow",37.6176,55.7558,"ECS","Z7","Europe & Central Asia",NA,NA,NA,"HIC","XD","High income","IBD","XF","IBRD",2024,"Register based census"
"RWA","RW","Rwanda","Kigali",30.0587,-1.95325,"SSF","ZG","Sub-Saharan Africa","SSA","ZF","Sub-Saharan Africa (excluding high income)","LIC","XM","Low income","IDX","XI","IDA",2024,"Register based census"
"WSM","WS","Samoa","Apia",-171.752,-13.8314,"EAS","Z4","East Asia & Pacific","EAP","4E","East Asia & Pacific (excluding high income)","LMC","XN","Lower middle income","IDX","XI","IDA",2024,NA
"STP","ST","Sao Tome and Principe","Sao Tome",6.6071,0.20618,"SSF","ZG","Sub-Saharan Africa","SSA","ZF","Sub-Saharan Africa (excluding high income)","LMC","XN","Lower middle income","IDX","XI","IDA",2024,NA
"SEN","SN","Senegal","Dakar",-17.4734,14.7247,"SSF","ZG","Sub-Saharan Africa","SSA","ZF","Sub-Saharan Africa (excluding high income)","LMC","XN","Lower middle income","IDX","XI","IDA",2024,"2016"
"SRB","RS","Serbia","Belgrade",20.4656,44.8024,"ECS","Z7","Europe & Central Asia","ECA","7E","Europe & Central Asia (excluding high income)","UMC","XT","Upper middle income","IBD","XF","IBRD",2024,"Register based census"
"SYC","SC","Seychelles","Victoria",55.4466,-4.6309,"SSF","ZG","Sub-Saharan Africa",NA,NA,NA,"HIC","XD","High income","IBD","XF","IBRD",2024,NA
"SLE","SL","Sierra Leone","Freetown",-13.2134,8.4821,"SSF","ZG","Sub-Saharan Africa","SSA","ZF","Sub-Saharan Africa (excluding high income)","LIC","XM","Low income","IDX","XI","IDA",2024,"2022"
"SLB","SB","Solomon Islands","Honiara",159.949,-9.42676,"EAS","Z4","East Asia & Pacific","EAP","4E","East Asia & Pacific (excluding high income)","LMC","XN","Lower middle income","IDX","XI","IDA",2024,NA
"SOM","SO","Somalia","Mogadishu",45.3254,2.07515,"SSF","ZG","Sub-Saharan Africa","SSA","ZF","Sub-Saharan Africa (excluding high income)","LIC","XM","Low income","IDX","XI","IDA",2024,NA
"ZAF","ZA","South Africa","Pretoria",28.1871,-25.746,"SSF","ZG","Sub-Saharan Africa","SSA","ZF","Sub-Saharan Africa (excluding high income)","UMC","XT","Upper middle income","IBD","XF","IBRD",2024,"Register based census"
"SSD","SS","South Sudan","Juba",31.6,4.85,"SSF","ZG","Sub-Saharan Africa","SSA","ZF","Sub-Saharan Africa (excluding high income)","LIC","XM","Low income","IDX","XI","IDA",2024,NA
"LKA","LK","Sri Lanka","Colombo",79.8528,6.92148,"SAS","8S","South Asia","SAS","8S","South Asia","LMC","XN","Lower middle income","IDX","XI","IDA",2024,"2003, 2013"
"KNA","KN","St. Kitts and Nevis","Basseterre",-62.7309,17.3,"LCN","ZJ","Latin America & Caribbean",NA,NA,NA,"HIC","XD","High income","IBD","XF","IBRD",2024,NA
"LCA","LC","St. Lucia","Castries",-60.9832,14,"LCN","ZJ","Latin America & Caribbean","LAC","XJ","Latin America & Caribbean (excluding high income)","UMC","XT","Upper middle income","IDB","XH","Blend",2024,"Register based census"
"VCT","VC","St. Vincent and the Grenadines","Kingstown",-61.2653,13.2035,"LCN","ZJ","Latin America & Caribbean","LAC","XJ","Latin America & Caribbean (excluding high income)","UMC","XT","Upper middle income","IDB","XH","Blend",2024,NA
"SDN","SD","Sudan","Khartoum",32.5363,15.5932,"SSF","ZG","Sub-Saharan Africa","SSA","ZF","Sub-Saharan Africa (excluding high income)","LIC","XM","Low income","IDX","XI","IDA",2024,NA
"SUR","SR","Suriname","Paramaribo",-55.1679,5.8232,"LCN","ZJ","Latin America & Caribbean","LAC","XJ","Latin America & Caribbean (excluding high income)","UMC","XT","Upper middle income","IDB","XH","Blend",2024,"Register based census"
"SYR","SY","Syrian Arab Republic","Damascus",36.3119,33.5146,"MEA","ZQ","Middle East & North Africa","MNA","XQ","Middle East & North Africa (excluding high income)","LIC","XM","Low income","IDX","XI","IDA",2024,NA
"TJK","TJ","Tajikistan","Dushanbe",68.7864,38.5878,"ECS","Z7","Europe & Central Asia","ECA","7E","Europe & Central Asia (excluding high income)","LMC","XN","Lower middle income","IDX","XI","IDA",2024,"Register based census"
"TZA","TZ","Tanzania","Dodoma",35.7382,-6.17486,"SSF","ZG","Sub-Saharan Africa","SSA","ZF","Sub-Saharan Africa (excluding high income)","LMC","XN","Lower middle income","IDX","XI","IDA",2024,"Register based census"
"THA","TH","Thailand","Bangkok",100.521,13.7308,"EAS","Z4","East Asia & Pacific","EAP","4E","East Asia & Pacific (excluding high income)","UMC","XT","Upper middle income","IBD","XF","IBRD",2024,"2007, 2012"
"TLS","TL","Timor-Leste","Dili",125.567,-8.56667,"EAS","Z4","East Asia & Pacific","EAP","4E","East Asia & Pacific (excluding high income)","LMC","XN","Lower middle income","IDB","XH","Blend",2024,NA
"TGO","TG","Togo","Lome",1.2255,6.1228,"SSF","ZG","Sub-Saharan Africa","SSA","ZF","Sub-Saharan Africa (excluding high income)","LIC","XM","Low income","IDX","XI","IDA",2024,"2017"
"TON","TO","Tonga","Nuku'alofa",-175.216,-21.136,"EAS","Z4","East Asia & Pacific","EAP","4E","East Asia & Pacific (excluding high income)","UMC","XT","Upper middle income","IDX","XI","IDA",2024,"Register based census"
"TTO","TT","Trinidad and Tobago","Port-of-Spain",-61.4789,10.6596,"LCN","ZJ","Latin America & Caribbean",NA,NA,NA,"HIC","XD","High income","IBD","XF","IBRD",2024,NA
"TUN","TN","Tunisia","Tunis",10.21,36.7899,"MEA","ZQ","Middle East & North Africa","MNA","XQ","Middle East & North Africa (excluding high income)","LMC","XN","Lower middle income","IBD","XF","IBRD",2024,"Register based census"
"TUR","TR","Turkiye","Ankara",32.3606,39.7153,"ECS","Z7","Europe & Central Asia","ECA","7E","Europe & Central Asia (excluding high income)","UMC","XT","Upper middle income","IBD","XF","IBRD",2024,"Register based census"
"TKM","TM","Turkmenistan","Ashgabat",58.3794,37.9509,"ECS","Z7","Europe & Central Asia","ECA","7E","Europe & Central Asia (excluding high income)","UMC","XT","Upper middle income","IBD","XF","IBRD",2024,NA
"TUV","TV","Tuvalu","Funafuti",179.089567,-8.6314877,"EAS","Z4","East Asia & Pacific","EAP","4E","East Asia & Pacific (excluding high income)","UMC","XT","Upper middle income","IDX","XI","IDA",2024,NA
"UGA","UG","Uganda","Kampala",32.5729,0.314269,"SSF","ZG","Sub-Saharan Africa","SSA","ZF","Sub-Saharan Africa (excluding high income)","LIC","XM","Low income","IDX","XI","IDA",2024,"Register based census"
"UKR","UA","Ukraine","Kiev",30.5038,50.4536,"ECS","Z7","Europe & Central Asia","ECA","7E","Europe & Central Asia (excluding high income)","UMC","XT","Upper middle income","IBD","XF","IBRD",2024,"Register based census"
"URY","UY","Uruguay","Montevideo",-56.0675,-34.8941,"LCN","ZJ","Latin America & Caribbean",NA,NA,NA,"HIC","XD","High income","IBD","XF","IBRD",2024,"Register based census"
"UZB","UZ","Uzbekistan","Tashkent",69.269,41.3052,"ECS","Z7","Europe & Central Asia","ECA","7E","Europe & Central Asia (excluding high income)","LMC","XN","Lower middle income","IDB","XH","Blend",2024,"Register based census"
"VUT","VU","Vanuatu","Port-Vila",168.321,-17.7404,"EAS","Z4","East Asia & Pacific","EAP","4E","East Asia & Pacific (excluding high income)","LMC","XN","Lower middle income","IDX","XI","IDA",2024,"Register based census"
"VEN","VE","Venezuela, RB","Caracas",-69.8371,9.08165,"LCN","ZJ","Latin America & Caribbean",NA,NA,NA,"INX","XY","Not classified","IBD","XF","IBRD",2024,NA
"VNM","VN","Viet Nam","Hanoi",105.825,21.0069,"EAS","Z4","East Asia & Pacific","EAP","4E","East Asia & Pacific (excluding high income)","LMC","XN","Lower middle income","IBD","XF","IBRD",2024,"Register based census"
"PSE","PS","West Bank and Gaza",NA,NA,NA,"MEA","ZQ","Middle East & North Africa","MNA","XQ","Middle East & North Africa (excluding high income)","LMC","XN","Lower middle income","LNX","XX","Not classified",2024,"Register based census"
"YEM","YE","Yemen, Rep.","Sana'a",44.2075,15.352,"MEA","ZQ","Middle East & North Africa","MNA","XQ","Middle East & North Africa (excluding high income)","LIC","XM","Low income","IDX","XI","IDA",2024,NA
"ZMB","ZM","Zambia","Lusaka",28.2937,-15.3982,"SSF","ZG","Sub-Saharan Africa","SSA","ZF","Sub-Saharan Africa (excluding high income)","LMC","XN","Lower middle income","IDX","XI","IDA",2024,NA
"ZWE","ZW","Zimbabwe","Harare",31.0672,-17.8312,"SSF","ZG","Sub-Saharan Africa","SSA","ZF","Sub-Saharan Africa (excluding high income)","LMC","XN","Lower middle income","IDB","XH","Blend",2024,"2013"
"BHR","BH","Bahrain","Manama",50.5354,26.1921,"MEA","ZQ","Middle East & North Africa",NA,NA,NA,"HIC","XD","High income","LNX","XX","Not classified",2024,"Register based census"
"BRB","BB","Barbados","Bridgetown",-59.6105,13.0935,"LCN","ZJ","Latin America & Caribbean",NA,NA,NA,"HIC","XD","High income","IBD","XF","IBRD",2024,"Register based census"
"CZE","CZ","Czechia","Prague",14.4205,50.0878,"ECS","Z7","Europe & Central Asia",NA,NA,NA,"HIC","XD","High income","LNX","XX","Not classified",2024,"Register based census"
"GRC","GR","Greece","Athens",23.7166,37.9792,"ECS","Z7","Europe & Central Asia",NA,NA,NA,"HIC","XD","High income","LNX","XX","Not classified",2024,"Register based census"
"HUN","HU","Hungary","Budapest",19.0408,47.4984,"ECS","Z7","Europe & Central Asia",NA,NA,NA,"HIC","XD","High income","LNX","XX","Not classified",2024,"Register based census"
"LVA","LV","Latvia","Riga",24.1048,56.9465,"ECS","Z7","Europe & Central Asia",NA,NA,NA,"HIC","XD","High income","LNX","XX","Not classified",2024,"Register based census"
"LTU","LT","Lithuania","Vilnius",25.2799,54.6896,"ECS","Z7","Europe & Central Asia",NA,NA,NA,"HIC","XD","High income","LNX","XX","Not classified",2024,"Register based census"
"OMN","OM","Oman","Muscat",58.5874,23.6105,"MEA","ZQ","Middle East & North Africa",NA,NA,NA,"HIC","XD","High income","LNX","XX","Not classified",2024,"Register based census"
"SAU","SA","Saudi Arabia","Riyadh",46.6977,24.6748,"MEA","ZQ","Middle East & North Africa",NA,NA,NA,"HIC","XD","High income","LNX","XX","Not classified",2024,"Register based census"
"SVK","SK","Slovak Republic","Bratislava",17.1073,48.1484,"ECS","Z7","Europe & Central Asia",NA,NA,NA,"HIC","XD","High income","LNX","XX","Not classified",2024,"Register based census"
"AND","AD","Andorra","Andorra la Vella",1.5218,42.5075,"ECS","Z7","Europe & Central Asia",NA,NA,NA,"HIC","XD","High income","LNX","XX","Not classified",2024,"Register based census"
"ARE","AE","United Arab Emirates","Abu Dhabi",54.3705,24.4764,"MEA","ZQ","Middle East & North Africa",NA,NA,NA,"HIC","XD","High income","LNX","XX","Not classified",2024,"Register based census"
"AUS","AU","Australia","Canberra",149.129,-35.282,"EAS","Z4","East Asia & Pacific",NA,NA,NA,"HIC","XD","High income","LNX","XX","Not classified",2024,"Register based census"
"AUT","AT","Austria","Vienna",16.3798,48.2201,"ECS","Z7","Europe & Central Asia",NA,NA,NA,"HIC","XD","High income","LNX","XX","Not classified",2024,"Register based census"
"BEL","BE","Belgium","Brussels",4.36761,50.8371,"ECS","Z7","Europe & Central Asia",NA,NA,NA,"HIC","XD","High income","LNX","XX","Not classified",2024,"Register based census"
"BHS","BS","Bahamas, The","Nassau",-77.339,25.0661,"LCN","ZJ","Latin America & Caribbean",NA,NA,NA,"HIC","XD","High income","LNX","XX","Not classified",2024,"Register based census"
"BRN","BN","Brunei Darussalam","Bandar Seri Begawan",114.946,4.94199,"EAS","Z4","East Asia & Pacific",NA,NA,NA,"HIC","XD","High income","LNX","XX","Not classified",2024,"Register based census"
"CAN","CA","Canada","Ottawa",-75.6919,45.4215,"NAC","XU","North America",NA,NA,NA,"HIC","XD","High income","LNX","XX","Not classified",2024,"Register based census"
"CHE","CH","Switzerland","Bern",7.44821,46.948,"ECS","Z7","Europe & Central Asia",NA,NA,NA,"HIC","XD","High income","LNX","XX","Not classified",2024,"Register based census"
"CYP","CY","Cyprus","Nicosia",33.3736,35.1676,"ECS","Z7","Europe & Central Asia",NA,NA,NA,"HIC","XD","High income","LNX","XX","Not classified",2024,"Register based census"
"DEU","DE","Germany","Berlin",13.4115,52.5235,"ECS","Z7","Europe & Central Asia",NA,NA,NA,"HIC","XD","High income","LNX","XX","Not classified",2024,"Register based census"
"DNK","DK","Denmark","Copenhagen",12.5681,55.6763,"ECS","Z7","Europe & Central Asia",NA,NA,NA,"HIC","XD","High income","LNX","XX","Not classified",2024,"Register based census"
"ESP","ES","Spain","Madrid",-3.70327,40.4167,"ECS","Z7","Europe & Central Asia",NA,NA,NA,"HIC","XD","High income","LNX","XX","Not classified",2024,"Register based census"
"EST","EE","Estonia","Tallinn",24.7586,59.4392,"ECS","Z7","Europe & Central Asia",NA,NA,NA,"HIC","XD","High income","LNX","XX","Not classified",2024,"Register based census"
"FIN","FI","Finland","Helsinki",24.9525,60.1608,"ECS","Z7","Europe & Central Asia",NA,NA,NA,"HIC","XD","High income","LNX","XX","Not classified",2024,"Register based census"
"FRA","FR","France","Paris",2.35097,48.8566,"ECS","Z7","Europe & Central Asia",NA,NA,NA,"HIC","XD","High income","LNX","XX","Not classified",2024,"Register based census"
"GBR","GB","United Kingdom","London",-0.126236,51.5002,"ECS","Z7","Europe & Central Asia",NA,NA,NA,"HIC","XD","High income","LNX","XX","Not classified",2024,"Register based census"
"IRL","IE","Ireland","Dublin",-6.26749,53.3441,"ECS","Z7","Europe & Central Asia",NA,NA,NA,"HIC","XD","High income","LNX","XX","Not classified",2024,"Register based census"
"ISL","IS","Iceland","Reykjavik",-21.8952,64.1353,"ECS","Z7","Europe & Central Asia",NA,NA,NA,"HIC","XD","High income","LNX","XX","Not classified",2024,"Register based census"
"ISR","IL","Israel",NA,35.2035,31.7717,"MEA","ZQ","Middle East & North Africa",NA,NA,NA,"HIC","XD","High income","LNX","XX","Not classified",2024,"Register based census"
"ITA","IT","Italy","Rome",12.4823,41.8955,"ECS","Z7","Europe & Central Asia",NA,NA,NA,"HIC","XD","High income","LNX","XX","Not classified",2024,"Register based census"
"JPN","JP","Japan","Tokyo",139.77,35.67,"EAS","Z4","East Asia & Pacific",NA,NA,NA,"HIC","XD","High income","LNX","XX","Not classified",2024,"Register based census"
"KOR","KR","Korea, Rep.","Seoul",126.957,37.5323,"EAS","Z4","East Asia & Pacific",NA,NA,NA,"HIC","XD","High income","LNX","XX","Not classified",2024,"Register based census"
"KWT","KW","Kuwait","Kuwait City",47.9824,29.3721,"MEA","ZQ","Middle East & North Africa",NA,NA,NA,"HIC","XD","High income","LNX","XX","Not classified",2024,"Register based census"
"LUX","LU","Luxembourg","Luxembourg",6.1296,49.61,"ECS","Z7","Europe & Central Asia",NA,NA,NA,"HIC","XD","High income","LNX","XX","Not classified",2024,"Register based census"
"MLT","MT","Malta","Valletta",14.5189,35.9042,"MEA","ZQ","Middle East & North Africa",NA,NA,NA,"HIC","XD","High income","LNX","XX","Not classified",2024,"Register based census"
"NLD","NL","Netherlands","Amsterdam",4.89095,52.3738,"ECS","Z7","Europe & Central Asia",NA,NA,NA,"HIC","XD","High income","LNX","XX","Not classified",2024,"Register based census"
"NOR","NO","Norway","Oslo",10.7387,59.9138,"ECS","Z7","Europe & Central Asia",NA,NA,NA,"HIC","XD","High income","LNX","XX","Not classified",2024,"Register based census"
"NZL","NZ","New Zealand","Wellington",174.776,-41.2865,"EAS","Z4","East Asia & Pacific",NA,NA,NA,"HIC","XD","High income","LNX","XX","Not classified",2024,"Register based census"
"PRT","PT","Portugal","Lisbon",-9.13552,38.7072,"ECS","Z7","Europe & Central Asia",NA,NA,NA,"HIC","XD","High income","LNX","XX","Not classified",2024,"Register based census"
"QAT","QA","Qatar","Doha",51.5082,25.2948,"MEA","ZQ","Middle East & North Africa",NA,NA,NA,"HIC","XD","High income","LNX","XX","Not classified",2024,"Register based census"
"SGP","SG","Singapore","Singapore",103.85,1.28941,"EAS","Z4","East Asia & Pacific",NA,NA,NA,"HIC","XD","High income","LNX","XX","Not classified",2024,"Register based census"
"SVN","SI","Slovenia","Ljubljana",14.5044,46.0546,"ECS","Z7","Europe & Central Asia",NA,NA,NA,"HIC","XD","High income","LNX","XX","Not classified",2024,"Register based census"
"SWE","SE","Sweden","Stockholm",18.0645,59.3327,"ECS","Z7","Europe & Central Asia",NA,NA,NA,"HIC","XD","High income","LNX","XX","Not classified",2024,"Register based census"
"USA","US","United States","Washington D.C.",-77.032,38.8895,"NAC","XU","North America",NA,NA,NA,"HIC","XD","High income","LNX","XX","Not classified",2024,"Register based census"
