"Country Group Code","Country Group","Country Code","Country","M49 Code","ISO2 Code","ISO3 Code"
"5100","Africa","4","Algeria","12","DZ","DZA"
"5100","Africa","7","Angola","24","AO","AGO"
"5100","Africa","53","Benin","204","BJ","BEN"
"5100","Africa","20","Botswana","72","BW","BWA"
"5100","Africa","233","Burkina Faso","854","BF","BFA"
"5100","Africa","29","Burundi","108","BI","BDI"
"5100","Africa","35","Cabo Verde","132","CV","CPV"
"5100","Africa","32","Cameroon","120","CM","CMR"
"5100","Africa","37","Central African Republic","140","CF","CAF"
"5100","Africa","39","Chad","148","TD","TCD"
"5100","Africa","45","Comoros","174","KM","COM"
"5100","Africa","46","Congo","178","CG","COG"
"5100","Africa","107","Côte d'Ivoire","384","CI","CIV"
"5100","Africa","250","Democratic Republic of the Congo","180","CD","COD"
"5100","Africa","72","Djibouti","262","DJ","DJI"
"5100","Africa","59","Egypt","818","EG","EGY"
"5100","Africa","61","Equatorial Guinea","226","GQ","GNQ"
"5100","Africa","178","Eritrea","232","ER","ERI"
"5100","Africa","209","Eswatini","748","SZ","SWZ"
"5100","Africa","238","Ethiopia","231","ET","ETH"
"5100","Africa","74","Gabon","266","GA","GAB"
"5100","Africa","75","Gambia","270","GM","GMB"
"5100","Africa","81","Ghana","288","GH","GHA"
"5100","Africa","90","Guinea","324","GN","GIN"
"5100","Africa","175","Guinea-Bissau","624","GW","GNB"
"5100","Africa","114","Kenya","404","KE","KEN"
"5100","Africa","122","Lesotho","426","LS","LSO"
"5100","Africa","123","Liberia","430","LR","LBR"
"5100","Africa","124","Libya","434","LY","LBY"
"5100","Africa","129","Madagascar","450","MG","MDG"
"5100","Africa","130","Malawi","454","MW","MWI"
"5100","Africa","133","Mali","466","ML","MLI"
"5100","Africa","136","Mauritania","478","MR","MRT"
"5100","Africa","137","Mauritius","480","MU","MUS"
"5100","Africa","143","Morocco","504","MA","MAR"
"5100","Africa","144","Mozambique","508","MZ","MOZ"
"5100","Africa","147","Namibia","516","NA","NAM"
"5100","Africa","158","Niger","562","NE","NER"
"5100","Africa","159","Nigeria","566","NG","NGA"
"5100","Africa","184","Rwanda","646","RW","RWA"
"5100","Africa","193","Sao Tome and Principe","678","ST","STP"
"5100","Africa","195","Senegal","686","SN","SEN"
"5100","Africa","196","Seychelles","690","SC","SYC"
"5100","Africa","197","Sierra Leone","694","SL","SLE"
"5100","Africa","201","Somalia","706","SO","SOM"
"5100","Africa","202","South Africa","710","ZA","ZAF"
"5100","Africa","277","South Sudan","728","SS","SSD"
"5100","Africa","276","Sudan","729","SD","SDN"
"5100","Africa","217","Togo","768","TG","TGO"
"5100","Africa","222","Tunisia","788","TN","TUN"
"5100","Africa","226","Uganda","800","UG","UGA"
"5100","Africa","215","United Republic of Tanzania","834","TZ","TZA"
"5100","Africa","251","Zambia","894","ZM","ZMB"
"5100","Africa","181","Zimbabwe","716","ZW","ZWE"
"5300","Asia","2","Afghanistan","4","AF","AFG"
"5300","Asia","1","Armenia","51","AM","ARM"
"5300","Asia","52","Azerbaijan","31","AZ","AZE"
"5300","Asia","13","Bahrain","48","BH","BHR"
"5300","Asia","16","Bangladesh","50","BD","BGD"
"5300","Asia","18","Bhutan","64","BT","BTN"
"5300","Asia","26","Brunei Darussalam","96","BN","BRN"
"5300","Asia","115","Cambodia","116","KH","KHM"
"5300","Asia","96","China, Hong Kong SAR","344","HK","HKG"
"5300","Asia","128","China, Macao SAR","446","MO","MAC"
"5300","Asia","41","China, mainland","1248","CN","CHN"
"5300","Asia","214","China, Taiwan Province of","158","TW","TWN"
"5300","Asia","50","Cyprus","196","CY","CYP"
"5300","Asia","116","Democratic People's Republic of Korea","408","KP","PRK"
"5300","Asia","73","Georgia","268","GE","GEO"
"5300","Asia","100","India","356","IN","IND"
"5300","Asia","101","Indonesia","360","ID","IDN"
"5300","Asia","102","Iran (Islamic Republic of)","364","IR","IRN"
"5300","Asia","103","Iraq","368","IQ","IRQ"
"5300","Asia","105","Israel","376","IL","ISR"
"5300","Asia","110","Japan","392","JP","JPN"
"5300","Asia","112","Jordan","400","JO","JOR"
"5300","Asia","108","Kazakhstan","398","KZ","KAZ"
"5300","Asia","118","Kuwait","414","KW","KWT"
"5300","Asia","113","Kyrgyzstan","417","KG","KGZ"
"5300","Asia","120","Lao People's Democratic Republic","418","LA","LAO"
"5300","Asia","121","Lebanon","422","LB","LBN"
"5300","Asia","131","Malaysia","458","MY","MYS"
"5300","Asia","132","Maldives","462","MV","MDV"
"5300","Asia","141","Mongolia","496","MN","MNG"
"5300","Asia","28","Myanmar","104","MM","MMR"
"5300","Asia","149","Nepal","524","NP","NPL"
"5300","Asia","221","Oman","512","OM","OMN"
"5300","Asia","165","Pakistan","586","PK","PAK"
"5300","Asia","299","Palestine","275","","PSE"
"5300","Asia","171","Philippines","608","PH","PHL"
"5300","Asia","179","Qatar","634","QA","QAT"
"5300","Asia","117","Republic of Korea","410","KR","KOR"
"5300","Asia","194","Saudi Arabia","682","SA","SAU"
"5300","Asia","200","Singapore","702","SG","SGP"
"5300","Asia","38","Sri Lanka","144","LK","LKA"
"5300","Asia","212","Syrian Arab Republic","760","SY","SYR"
"5300","Asia","208","Tajikistan","762","TJ","TJK"
"5300","Asia","216","Thailand","764","TH","THA"
"5300","Asia","176","Timor-Leste","626","TL","TLS"
"5300","Asia","223","Turkey","792","TR","TUR"
"5300","Asia","213","Turkmenistan","795","TM","TKM"
"5300","Asia","225","United Arab Emirates","784","AE","ARE"
"5300","Asia","235","Uzbekistan","860","UZ","UZB"
"5300","Asia","237","Viet Nam","704","VN","VNM"
"5300","Asia","249","Yemen","887","YE","YEM"
"5501","Australia and New Zealand","10","Australia","36","AU","AUS"
"5501","Australia and New Zealand","156","New Zealand","554","NZ","NZL"
"5206","Caribbean","8","Antigua and Barbuda","28","AG","ATG"
"5206","Caribbean","12","Bahamas","44","BS","BHS"
"5206","Caribbean","14","Barbados","52","BB","BRB"
"5206","Caribbean","49","Cuba","192","CU","CUB"
"5206","Caribbean","55","Dominica","212","DM","DMA"
"5206","Caribbean","56","Dominican Republic","214","DO","DOM"
"5206","Caribbean","86","Grenada","308","GD","GRD"
"5206","Caribbean","93","Haiti","332","HT","HTI"
"5206","Caribbean","109","Jamaica","388","JM","JAM"
"5206","Caribbean","177","Puerto Rico","630","PR","PRI"
"5206","Caribbean","188","Saint Kitts and Nevis","659","KN","KNA"
"5206","Caribbean","189","Saint Lucia","662","LC","LCA"
"5206","Caribbean","191","Saint Vincent and the Grenadines","670","VC","VCT"
"5206","Caribbean","220","Trinidad and Tobago","780","TT","TTO"
"5204","Central America","23","Belize","84","BZ","BLZ"
"5204","Central America","48","Costa Rica","188","CR","CRI"
"5204","Central America","60","El Salvador","222","SV","SLV"
"5204","Central America","89","Guatemala","320","GT","GTM"
"5204","Central America","95","Honduras","340","HN","HND"
"5204","Central America","138","Mexico","484","MX","MEX"
"5204","Central America","157","Nicaragua","558","NI","NIC"
"5204","Central America","166","Panama","591","PA","PAN"
"5301","Central Asia","108","Kazakhstan","398","KZ","KAZ"
"5301","Central Asia","113","Kyrgyzstan","417","KG","KGZ"
"5301","Central Asia","208","Tajikistan","762","TJ","TJK"
"5301","Central Asia","213","Turkmenistan","795","TM","TKM"
"5301","Central Asia","235","Uzbekistan","860","UZ","UZB"
"5306","Central Asia and Southern Asia","2","Afghanistan","4","AF","AFG"
"5306","Central Asia and Southern Asia","16","Bangladesh","50","BD","BGD"
"5306","Central Asia and Southern Asia","18","Bhutan","64","BT","BTN"
"5306","Central Asia and Southern Asia","100","India","356","IN","IND"
"5306","Central Asia and Southern Asia","102","Iran (Islamic Republic of)","364","IR","IRN"
"5306","Central Asia and Southern Asia","108","Kazakhstan","398","KZ","KAZ"
"5306","Central Asia and Southern Asia","113","Kyrgyzstan","417","KG","KGZ"
"5306","Central Asia and Southern Asia","132","Maldives","462","MV","MDV"
"5306","Central Asia and Southern Asia","149","Nepal","524","NP","NPL"
"5306","Central Asia and Southern Asia","165","Pakistan","586","PK","PAK"
"5306","Central Asia and Southern Asia","38","Sri Lanka","144","LK","LKA"
"5306","Central Asia and Southern Asia","208","Tajikistan","762","TJ","TJK"
"5306","Central Asia and Southern Asia","213","Turkmenistan","795","TM","TKM"
"5306","Central Asia and Southern Asia","235","Uzbekistan","860","UZ","UZB"
"5854","East Asia (exc China)","116","Democratic People's Republic of Korea","408","KP","PRK"
"5854","East Asia (exc China)","141","Mongolia","496","MN","MNG"
"5854","East Asia (exc China)","117","Republic of Korea","410","KR","KOR"
"5101","Eastern Africa","29","Burundi","108","BI","BDI"
"5101","Eastern Africa","45","Comoros","174","KM","COM"
"5101","Eastern Africa","72","Djibouti","262","DJ","DJI"
"5101","Eastern Africa","178","Eritrea","232","ER","ERI"
"5101","Eastern Africa","238","Ethiopia","231","ET","ETH"
"5101","Eastern Africa","114","Kenya","404","KE","KEN"
"5101","Eastern Africa","129","Madagascar","450","MG","MDG"
"5101","Eastern Africa","130","Malawi","454","MW","MWI"
"5101","Eastern Africa","137","Mauritius","480","MU","MUS"
"5101","Eastern Africa","144","Mozambique","508","MZ","MOZ"
"5101","Eastern Africa","184","Rwanda","646","RW","RWA"
"5101","Eastern Africa","196","Seychelles","690","SC","SYC"
"5101","Eastern Africa","201","Somalia","706","SO","SOM"
"5101","Eastern Africa","277","South Sudan","728","SS","SSD"
"5101","Eastern Africa","226","Uganda","800","UG","UGA"
"5101","Eastern Africa","215","United Republic of Tanzania","834","TZ","TZA"
"5101","Eastern Africa","251","Zambia","894","ZM","ZMB"
"5101","Eastern Africa","181","Zimbabwe","716","ZW","ZWE"
"5302","Eastern Asia","96","China, Hong Kong SAR","344","HK","HKG"
"5302","Eastern Asia","128","China, Macao SAR","446","MO","MAC"
"5302","Eastern Asia","41","China, mainland","1248","CN","CHN"
"5302","Eastern Asia","214","China, Taiwan Province of","158","TW","TWN"
"5302","Eastern Asia","116","Democratic People's Republic of Korea","408","KP","PRK"
"5302","Eastern Asia","110","Japan","392","JP","JPN"
"5302","Eastern Asia","141","Mongolia","496","MN","MNG"
"5302","Eastern Asia","117","Republic of Korea","410","KR","KOR"
"5307","Eastern Asia and South-eastern Asia","26","Brunei Darussalam","96","BN","BRN"
"5307","Eastern Asia and South-eastern Asia","115","Cambodia","116","KH","KHM"
"5307","Eastern Asia and South-eastern Asia","96","China, Hong Kong SAR","344","HK","HKG"
"5307","Eastern Asia and South-eastern Asia","128","China, Macao SAR","446","MO","MAC"
"5307","Eastern Asia and South-eastern Asia","41","China, mainland","1248","CN","CHN"
"5307","Eastern Asia and South-eastern Asia","214","China, Taiwan Province of","158","TW","TWN"
"5307","Eastern Asia and South-eastern Asia","116","Democratic People's Republic of Korea","408","KP","PRK"
"5307","Eastern Asia and South-eastern Asia","101","Indonesia","360","ID","IDN"
"5307","Eastern Asia and South-eastern Asia","110","Japan","392","JP","JPN"
"5307","Eastern Asia and South-eastern Asia","120","Lao People's Democratic Republic","418","LA","LAO"
"5307","Eastern Asia and South-eastern Asia","131","Malaysia","458","MY","MYS"
"5307","Eastern Asia and South-eastern Asia","141","Mongolia","496","MN","MNG"
"5307","Eastern Asia and South-eastern Asia","28","Myanmar","104","MM","MMR"
"5307","Eastern Asia and South-eastern Asia","171","Philippines","608","PH","PHL"
"5307","Eastern Asia and South-eastern Asia","117","Republic of Korea","410","KR","KOR"
"5307","Eastern Asia and South-eastern Asia","200","Singapore","702","SG","SGP"
"5307","Eastern Asia and South-eastern Asia","216","Thailand","764","TH","THA"
"5307","Eastern Asia and South-eastern Asia","176","Timor-Leste","626","TL","TLS"
"5307","Eastern Asia and South-eastern Asia","237","Viet Nam","704","VN","VNM"
"5401","Eastern Europe","57","Belarus","112","BY","BLR"
"5401","Eastern Europe","27","Bulgaria","100","BG","BGR"
"5401","Eastern Europe","167","Czechia","203","CZ","CZE"
"5401","Eastern Europe","97","Hungary","348","HU","HUN"
"5401","Eastern Europe","173","Poland","616","PL","POL"
"5401","Eastern Europe","146","Republic of Moldova","498","MD","MDA"
"5401","Eastern Europe","183","Romania","642","RO","ROU"
"5401","Eastern Europe","185","Russian Federation","643","RU","RUS"
"5401","Eastern Europe","199","Slovakia","703","SK","SVK"
"5401","Eastern Europe","230","Ukraine","804","UA","UKR"
"5400","Europe","3","Albania","8","AL","ALB"
"5400","Europe","6","Andorra","20","AD","AND"
"5400","Europe","11","Austria","40","AT","AUT"
"5400","Europe","57","Belarus","112","BY","BLR"
"5400","Europe","255","Belgium","56","BE","BEL"
"5400","Europe","80","Bosnia and Herzegovina","70","BA","BIH"
"5400","Europe","27","Bulgaria","100","BG","BGR"
"5400","Europe","98","Croatia","191","HR","HRV"
"5400","Europe","167","Czechia","203","CZ","CZE"
"5400","Europe","54","Denmark","208","DK","DNK"
"5400","Europe","63","Estonia","233","EE","EST"
"5400","Europe","67","Finland","246","FI","FIN"
"5400","Europe","68","France","250","FR","FRA"
"5400","Europe","79","Germany","276","DE","DEU"
"5400","Europe","84","Greece","300","GR","GRC"
"5400","Europe","97","Hungary","348","HU","HUN"
"5400","Europe","99","Iceland","352","IS","ISL"
"5400","Europe","104","Ireland","372","IE","IRL"
"5400","Europe","106","Italy","380","IT","ITA"
"5400","Europe","119","Latvia","428","LV","LVA"
"5400","Europe","126","Lithuania","440","LT","LTU"
"5400","Europe","256","Luxembourg","442","LU","LUX"
"5400","Europe","134","Malta","470","MT","MLT"
"5400","Europe","273","Montenegro","499","ME","MNE"
"5400","Europe","150","Netherlands","528","NL","NLD"
"5400","Europe","154","North Macedonia","807","MK","MKD"
"5400","Europe","162","Norway","578","NO","NOR"
"5400","Europe","173","Poland","616","PL","POL"
"5400","Europe","174","Portugal","620","PT","PRT"
"5400","Europe","146","Republic of Moldova","498","MD","MDA"
"5400","Europe","183","Romania","642","RO","ROU"
"5400","Europe","185","Russian Federation","643","RU","RUS"
"5400","Europe","272","Serbia","688","RS","SRB"
"5400","Europe","199","Slovakia","703","SK","SVK"
"5400","Europe","198","Slovenia","705","SI","SVN"
"5400","Europe","203","Spain","724","ES","ESP"
"5400","Europe","210","Sweden","752","SE","SWE"
"5400","Europe","211","Switzerland","756","CH","CHE"
"5400","Europe","230","Ukraine","804","UA","UKR"
"5400","Europe","229","United Kingdom","826","GB","GBR"
"9010","High-income economies","6","Andorra","20","AD","AND"
"9010","High-income economies","8","Antigua and Barbuda","28","AG","ATG"
"9010","High-income economies","9","Argentina","32","AR","ARG"
"9010","High-income economies","10","Australia","36","AU","AUS"
"9010","High-income economies","11","Austria","40","AT","AUT"
"9010","High-income economies","12","Bahamas","44","BS","BHS"
"9010","High-income economies","13","Bahrain","48","BH","BHR"
"9010","High-income economies","14","Barbados","52","BB","BRB"
"9010","High-income economies","255","Belgium","56","BE","BEL"
"9010","High-income economies","17","Bermuda","60","BM","BMU"
"9010","High-income economies","26","Brunei Darussalam","96","BN","BRN"
"9010","High-income economies","33","Canada","124","CA","CAN"
"9010","High-income economies","40","Chile","152","CL","CHL"
"9010","High-income economies","96","China, Hong Kong SAR","344","HK","HKG"
"9010","High-income economies","128","China, Macao SAR","446","MO","MAC"
"9010","High-income economies","214","China, Taiwan Province of","158","TW","TWN"
"9010","High-income economies","98","Croatia","191","HR","HRV"
"9010","High-income economies","50","Cyprus","196","CY","CYP"
"9010","High-income economies","167","Czechia","203","CZ","CZE"
"9010","High-income economies","54","Denmark","208","DK","DNK"
"9010","High-income economies","63","Estonia","233","EE","EST"
"9010","High-income economies","67","Finland","246","FI","FIN"
"9010","High-income economies","68","France","250","FR","FRA"
"9010","High-income economies","70","French Polynesia","258","PF","PYF"
"9010","High-income economies","79","Germany","276","DE","DEU"
"9010","High-income economies","84","Greece","300","GR","GRC"
"9010","High-income economies","85","Greenland","304","GL","GRL"
"9010","High-income economies","97","Hungary","348","HU","HUN"
"9010","High-income economies","99","Iceland","352","IS","ISL"
"9010","High-income economies","104","Ireland","372","IE","IRL"
"9010","High-income economies","105","Israel","376","IL","ISR"
"9010","High-income economies","106","Italy","380","IT","ITA"
"9010","High-income economies","110","Japan","392","JP","JPN"
"9010","High-income economies","118","Kuwait","414","KW","KWT"
"9010","High-income economies","119","Latvia","428","LV","LVA"
"9010","High-income economies","126","Lithuania","440","LT","LTU"
"9010","High-income economies","256","Luxembourg","442","LU","LUX"
"9010","High-income economies","134","Malta","470","MT","MLT"
"9010","High-income economies","150","Netherlands","528","NL","NLD"
"9010","High-income economies","153","New Caledonia","540","NC","NCL"
"9010","High-income economies","156","New Zealand","554","NZ","NZL"
"9010","High-income economies","162","Norway","578","NO","NOR"
"9010","High-income economies","221","Oman","512","OM","OMN"
"9010","High-income economies","180","Palau","585","PW","PLW"
"9010","High-income economies","166","Panama","591","PA","PAN"
"9010","High-income economies","173","Poland","616","PL","POL"
"9010","High-income economies","174","Portugal","620","PT","PRT"
"9010","High-income economies","177","Puerto Rico","630","PR","PRI"
"9010","High-income economies","179","Qatar","634","QA","QAT"
"9010","High-income economies","117","Republic of Korea","410","KR","KOR"
"9010","High-income economies","188","Saint Kitts and Nevis","659","KN","KNA"
"9010","High-income economies","194","Saudi Arabia","682","SA","SAU"
"9010","High-income economies","196","Seychelles","690","SC","SYC"
"9010","High-income economies","200","Singapore","702","SG","SGP"
"9010","High-income economies","199","Slovakia","703","SK","SVK"
"9010","High-income economies","198","Slovenia","705","SI","SVN"
"9010","High-income economies","203","Spain","724","ES","ESP"
"9010","High-income economies","210","Sweden","752","SE","SWE"
"9010","High-income economies","211","Switzerland","756","CH","CHE"
"9010","High-income economies","220","Trinidad and Tobago","780","TT","TTO"
"9010","High-income economies","225","United Arab Emirates","784","AE","ARE"
"9010","High-income economies","229","United Kingdom","826","GB","GBR"
"9010","High-income economies","231","United States of America","840","US","USA"
"9010","High-income economies","234","Uruguay","858","UY","URY"
"5802","Land Locked Developing Countries","2","Afghanistan","4","AF","AFG"
"5802","Land Locked Developing Countries","1","Armenia","51","AM","ARM"
"5802","Land Locked Developing Countries","52","Azerbaijan","31","AZ","AZE"
"5802","Land Locked Developing Countries","18","Bhutan","64","BT","BTN"
"5802","Land Locked Developing Countries","19","Bolivia (Plurinational State of)","68","BO","BOL"
"5802","Land Locked Developing Countries","20","Botswana","72","BW","BWA"
"5802","Land Locked Developing Countries","233","Burkina Faso","854","BF","BFA"
"5802","Land Locked Developing Countries","29","Burundi","108","BI","BDI"
"5802","Land Locked Developing Countries","37","Central African Republic","140","CF","CAF"
"5802","Land Locked Developing Countries","39","Chad","148","TD","TCD"
"5802","Land Locked Developing Countries","209","Eswatini","748","SZ","SWZ"
"5802","Land Locked Developing Countries","238","Ethiopia","231","ET","ETH"
"5802","Land Locked Developing Countries","108","Kazakhstan","398","KZ","KAZ"
"5802","Land Locked Developing Countries","113","Kyrgyzstan","417","KG","KGZ"
"5802","Land Locked Developing Countries","120","Lao People's Democratic Republic","418","LA","LAO"
"5802","Land Locked Developing Countries","122","Lesotho","426","LS","LSO"
"5802","Land Locked Developing Countries","130","Malawi","454","MW","MWI"
"5802","Land Locked Developing Countries","133","Mali","466","ML","MLI"
"5802","Land Locked Developing Countries","141","Mongolia","496","MN","MNG"
"5802","Land Locked Developing Countries","149","Nepal","524","NP","NPL"
"5802","Land Locked Developing Countries","158","Niger","562","NE","NER"
"5802","Land Locked Developing Countries","154","North Macedonia","807","MK","MKD"
"5802","Land Locked Developing Countries","169","Paraguay","600","PY","PRY"
"5802","Land Locked Developing Countries","146","Republic of Moldova","498","MD","MDA"
"5802","Land Locked Developing Countries","184","Rwanda","646","RW","RWA"
"5802","Land Locked Developing Countries","277","South Sudan","728","SS","SSD"
"5802","Land Locked Developing Countries","208","Tajikistan","762","TJ","TJK"
"5802","Land Locked Developing Countries","213","Turkmenistan","795","TM","TKM"
"5802","Land Locked Developing Countries","226","Uganda","800","UG","UGA"
"5802","Land Locked Developing Countries","235","Uzbekistan","860","UZ","UZB"
"5802","Land Locked Developing Countries","251","Zambia","894","ZM","ZMB"
"5802","Land Locked Developing Countries","181","Zimbabwe","716","ZW","ZWE"
"5205","Latin America and the Caribbean","8","Antigua and Barbuda","28","AG","ATG"
"5205","Latin America and the Caribbean","9","Argentina","32","AR","ARG"
"5205","Latin America and the Caribbean","12","Bahamas","44","BS","BHS"
"5205","Latin America and the Caribbean","14","Barbados","52","BB","BRB"
"5205","Latin America and the Caribbean","23","Belize","84","BZ","BLZ"
"5205","Latin America and the Caribbean","19","Bolivia (Plurinational State of)","68","BO","BOL"
"5205","Latin America and the Caribbean","21","Brazil","76","BR","BRA"
"5205","Latin America and the Caribbean","40","Chile","152","CL","CHL"
"5205","Latin America and the Caribbean","44","Colombia","170","CO","COL"
"5205","Latin America and the Caribbean","48","Costa Rica","188","CR","CRI"
"5205","Latin America and the Caribbean","49","Cuba","192","CU","CUB"
"5205","Latin America and the Caribbean","55","Dominica","212","DM","DMA"
"5205","Latin America and the Caribbean","56","Dominican Republic","214","DO","DOM"
"5205","Latin America and the Caribbean","58","Ecuador","218","EC","ECU"
"5205","Latin America and the Caribbean","60","El Salvador","222","SV","SLV"
"5205","Latin America and the Caribbean","86","Grenada","308","GD","GRD"
"5205","Latin America and the Caribbean","89","Guatemala","320","GT","GTM"
"5205","Latin America and the Caribbean","91","Guyana","328","GY","GUY"
"5205","Latin America and the Caribbean","93","Haiti","332","HT","HTI"
"5205","Latin America and the Caribbean","95","Honduras","340","HN","HND"
"5205","Latin America and the Caribbean","109","Jamaica","388","JM","JAM"
"5205","Latin America and the Caribbean","138","Mexico","484","MX","MEX"
"5205","Latin America and the Caribbean","157","Nicaragua","558","NI","NIC"
"5205","Latin America and the Caribbean","166","Panama","591","PA","PAN"
"5205","Latin America and the Caribbean","169","Paraguay","600","PY","PRY"
"5205","Latin America and the Caribbean","170","Peru","604","PE","PER"
"5205","Latin America and the Caribbean","177","Puerto Rico","630","PR","PRI"
"5205","Latin America and the Caribbean","188","Saint Kitts and Nevis","659","KN","KNA"
"5205","Latin America and the Caribbean","189","Saint Lucia","662","LC","LCA"
"5205","Latin America and the Caribbean","191","Saint Vincent and the Grenadines","670","VC","VCT"
"5205","Latin America and the Caribbean","207","Suriname","740","SR","SUR"
"5205","Latin America and the Caribbean","220","Trinidad and Tobago","780","TT","TTO"
"5205","Latin America and the Caribbean","234","Uruguay","858","UY","URY"
"5205","Latin America and the Caribbean","236","Venezuela (Bolivarian Republic of)","862","VE","VEN"
"5801","Least Developed Countries","2","Afghanistan","4","AF","AFG"
"5801","Least Developed Countries","7","Angola","24","AO","AGO"
"5801","Least Developed Countries","16","Bangladesh","50","BD","BGD"
"5801","Least Developed Countries","53","Benin","204","BJ","BEN"
"5801","Least Developed Countries","18","Bhutan","64","BT","BTN"
"5801","Least Developed Countries","233","Burkina Faso","854","BF","BFA"
"5801","Least Developed Countries","29","Burundi","108","BI","BDI"
"5801","Least Developed Countries","115","Cambodia","116","KH","KHM"
"5801","Least Developed Countries","37","Central African Republic","140","CF","CAF"
"5801","Least Developed Countries","39","Chad","148","TD","TCD"
"5801","Least Developed Countries","45","Comoros","174","KM","COM"
"5801","Least Developed Countries","250","Democratic Republic of the Congo","180","CD","COD"
"5801","Least Developed Countries","72","Djibouti","262","DJ","DJI"
"5801","Least Developed Countries","178","Eritrea","232","ER","ERI"
"5801","Least Developed Countries","238","Ethiopia","231","ET","ETH"
"5801","Least Developed Countries","75","Gambia","270","GM","GMB"
"5801","Least Developed Countries","90","Guinea","324","GN","GIN"
"5801","Least Developed Countries","175","Guinea-Bissau","624","GW","GNB"
"5801","Least Developed Countries","93","Haiti","332","HT","HTI"
"5801","Least Developed Countries","83","Kiribati","296","KI","KIR"
"5801","Least Developed Countries","120","Lao People's Democratic Republic","418","LA","LAO"
"5801","Least Developed Countries","122","Lesotho","426","LS","LSO"
"5801","Least Developed Countries","123","Liberia","430","LR","LBR"
"5801","Least Developed Countries","129","Madagascar","450","MG","MDG"
"5801","Least Developed Countries","130","Malawi","454","MW","MWI"
"5801","Least Developed Countries","133","Mali","466","ML","MLI"
"5801","Least Developed Countries","136","Mauritania","478","MR","MRT"
"5801","Least Developed Countries","144","Mozambique","508","MZ","MOZ"
"5801","Least Developed Countries","28","Myanmar","104","MM","MMR"
"5801","Least Developed Countries","149","Nepal","524","NP","NPL"
"5801","Least Developed Countries","158","Niger","562","NE","NER"
"5801","Least Developed Countries","184","Rwanda","646","RW","RWA"
"5801","Least Developed Countries","193","Sao Tome and Principe","678","ST","STP"
"5801","Least Developed Countries","195","Senegal","686","SN","SEN"
"5801","Least Developed Countries","197","Sierra Leone","694","SL","SLE"
"5801","Least Developed Countries","25","Solomon Islands","90","SB","SLB"
"5801","Least Developed Countries","201","Somalia","706","SO","SOM"
"5801","Least Developed Countries","277","South Sudan","728","SS","SSD"
"5801","Least Developed Countries","276","Sudan","729","SD","SDN"
"5801","Least Developed Countries","176","Timor-Leste","626","TL","TLS"
"5801","Least Developed Countries","217","Togo","768","TG","TGO"
"5801","Least Developed Countries","227","Tuvalu","798","TV","TUV"
"5801","Least Developed Countries","226","Uganda","800","UG","UGA"
"5801","Least Developed Countries","215","United Republic of Tanzania","834","TZ","TZA"
"5801","Least Developed Countries","155","Vanuatu","548","VU","VUT"
"5801","Least Developed Countries","249","Yemen","887","YE","YEM"
"5801","Least Developed Countries","251","Zambia","894","ZM","ZMB"
"5858","Low income economies","2","Afghanistan","4","AF","AFG"
"5858","Low income economies","53","Benin","204","BJ","BEN"
"5858","Low income economies","233","Burkina Faso","854","BF","BFA"
"5858","Low income economies","29","Burundi","108","BI","BDI"
"5858","Low income economies","37","Central African Republic","140","CF","CAF"
"5858","Low income economies","39","Chad","148","TD","TCD"
"5858","Low income economies","45","Comoros","174","KM","COM"
"5858","Low income economies","116","Democratic People's Republic of Korea","408","KP","PRK"
"5858","Low income economies","250","Democratic Republic of the Congo","180","CD","COD"
"5858","Low income economies","178","Eritrea","232","ER","ERI"
"5858","Low income economies","238","Ethiopia","231","ET","ETH"
"5858","Low income economies","75","Gambia","270","GM","GMB"
"5858","Low income economies","90","Guinea","324","GN","GIN"
"5858","Low income economies","175","Guinea-Bissau","624","GW","GNB"
"5858","Low income economies","93","Haiti","332","HT","HTI"
"5858","Low income economies","123","Liberia","430","LR","LBR"
"5858","Low income economies","129","Madagascar","450","MG","MDG"
"5858","Low income economies","130","Malawi","454","MW","MWI"
"5858","Low income economies","133","Mali","466","ML","MLI"
"5858","Low income economies","144","Mozambique","508","MZ","MOZ"
"5858","Low income economies","149","Nepal","524","NP","NPL"
"5858","Low income economies","158","Niger","562","NE","NER"
"5858","Low income economies","184","Rwanda","646","RW","RWA"
"5858","Low income economies","195","Senegal","686","SN","SEN"
"5858","Low income economies","197","Sierra Leone","694","SL","SLE"
"5858","Low income economies","201","Somalia","706","SO","SOM"
"5858","Low income economies","277","South Sudan","728","SS","SSD"
"5858","Low income economies","212","Syrian Arab Republic","760","SY","SYR"
"5858","Low income economies","208","Tajikistan","762","TJ","TJK"
"5858","Low income economies","217","Togo","768","TG","TGO"
"5858","Low income economies","226","Uganda","800","UG","UGA"
"5858","Low income economies","215","United Republic of Tanzania","834","TZ","TZA"
"5858","Low income economies","249","Yemen","887","YE","YEM"
"5858","Low income economies","181","Zimbabwe","716","ZW","ZWE"
"5815","Low Income Food Deficit Countries","2","Afghanistan","4","AF","AFG"
"5815","Low Income Food Deficit Countries","16","Bangladesh","50","BD","BGD"
"5815","Low Income Food Deficit Countries","53","Benin","204","BJ","BEN"
"5815","Low Income Food Deficit Countries","233","Burkina Faso","854","BF","BFA"
"5815","Low Income Food Deficit Countries","29","Burundi","108","BI","BDI"
"5815","Low Income Food Deficit Countries","32","Cameroon","120","CM","CMR"
"5815","Low Income Food Deficit Countries","37","Central African Republic","140","CF","CAF"
"5815","Low Income Food Deficit Countries","39","Chad","148","TD","TCD"
"5815","Low Income Food Deficit Countries","45","Comoros","174","KM","COM"
"5815","Low Income Food Deficit Countries","46","Congo","178","CG","COG"
"5815","Low Income Food Deficit Countries","107","Côte d'Ivoire","384","CI","CIV"
"5815","Low Income Food Deficit Countries","116","Democratic People's Republic of Korea","408","KP","PRK"
"5815","Low Income Food Deficit Countries","250","Democratic Republic of the Congo","180","CD","COD"
"5815","Low Income Food Deficit Countries","72","Djibouti","262","DJ","DJI"
"5815","Low Income Food Deficit Countries","178","Eritrea","232","ER","ERI"
"5815","Low Income Food Deficit Countries","238","Ethiopia","231","ET","ETH"
"5815","Low Income Food Deficit Countries","75","Gambia","270","GM","GMB"
"5815","Low Income Food Deficit Countries","81","Ghana","288","GH","GHA"
"5815","Low Income Food Deficit Countries","90","Guinea","324","GN","GIN"
"5815","Low Income Food Deficit Countries","175","Guinea-Bissau","624","GW","GNB"
"5815","Low Income Food Deficit Countries","93","Haiti","332","HT","HTI"
"5815","Low Income Food Deficit Countries","100","India","356","IN","IND"
"5815","Low Income Food Deficit Countries","114","Kenya","404","KE","KEN"
"5815","Low Income Food Deficit Countries","113","Kyrgyzstan","417","KG","KGZ"
"5815","Low Income Food Deficit Countries","122","Lesotho","426","LS","LSO"
"5815","Low Income Food Deficit Countries","123","Liberia","430","LR","LBR"
"5815","Low Income Food Deficit Countries","129","Madagascar","450","MG","MDG"
"5815","Low Income Food Deficit Countries","130","Malawi","454","MW","MWI"
"5815","Low Income Food Deficit Countries","133","Mali","466","ML","MLI"
"5815","Low Income Food Deficit Countries","136","Mauritania","478","MR","MRT"
"5815","Low Income Food Deficit Countries","144","Mozambique","508","MZ","MOZ"
"5815","Low Income Food Deficit Countries","149","Nepal","524","NP","NPL"
"5815","Low Income Food Deficit Countries","157","Nicaragua","558","NI","NIC"
"5815","Low Income Food Deficit Countries","158","Niger","562","NE","NER"
"5815","Low Income Food Deficit Countries","184","Rwanda","646","RW","RWA"
"5815","Low Income Food Deficit Countries","193","Sao Tome and Principe","678","ST","STP"
"5815","Low Income Food Deficit Countries","195","Senegal","686","SN","SEN"
"5815","Low Income Food Deficit Countries","197","Sierra Leone","694","SL","SLE"
"5815","Low Income Food Deficit Countries","25","Solomon Islands","90","SB","SLB"
"5815","Low Income Food Deficit Countries","201","Somalia","706","SO","SOM"
"5815","Low Income Food Deficit Countries","277","South Sudan","728","SS","SSD"
"5815","Low Income Food Deficit Countries","276","Sudan","729","SD","SDN"
"5815","Low Income Food Deficit Countries","212","Syrian Arab Republic","760","SY","SYR"
"5815","Low Income Food Deficit Countries","208","Tajikistan","762","TJ","TJK"
"5815","Low Income Food Deficit Countries","217","Togo","768","TG","TGO"
"5815","Low Income Food Deficit Countries","226","Uganda","800","UG","UGA"
"5815","Low Income Food Deficit Countries","215","United Republic of Tanzania","834","TZ","TZA"
"5815","Low Income Food Deficit Countries","235","Uzbekistan","860","UZ","UZB"
"5815","Low Income Food Deficit Countries","237","Viet Nam","704","VN","VNM"
"5815","Low Income Food Deficit Countries","249","Yemen","887","YE","YEM"
"5815","Low Income Food Deficit Countries","181","Zimbabwe","716","ZW","ZWE"
"5859","Lower-middle-income economies","7","Angola","24","AO","AGO"
"5859","Lower-middle-income economies","16","Bangladesh","50","BD","BGD"
"5859","Lower-middle-income economies","18","Bhutan","64","BT","BTN"
"5859","Lower-middle-income economies","19","Bolivia (Plurinational State of)","68","BO","BOL"
"5859","Lower-middle-income economies","35","Cabo Verde","132","CV","CPV"
"5859","Lower-middle-income economies","115","Cambodia","116","KH","KHM"
"5859","Lower-middle-income economies","32","Cameroon","120","CM","CMR"
"5859","Lower-middle-income economies","46","Congo","178","CG","COG"
"5859","Lower-middle-income economies","107","Côte d'Ivoire","384","CI","CIV"
"5859","Lower-middle-income economies","72","Djibouti","262","DJ","DJI"
"5859","Lower-middle-income economies","59","Egypt","818","EG","EGY"
"5859","Lower-middle-income economies","60","El Salvador","222","SV","SLV"
"5859","Lower-middle-income economies","209","Eswatini","748","SZ","SWZ"
"5859","Lower-middle-income economies","73","Georgia","268","GE","GEO"
"5859","Lower-middle-income economies","81","Ghana","288","GH","GHA"
"5859","Lower-middle-income economies","95","Honduras","340","HN","HND"
"5859","Lower-middle-income economies","100","India","356","IN","IND"
"5859","Lower-middle-income economies","101","Indonesia","360","ID","IDN"
"5859","Lower-middle-income economies","114","Kenya","404","KE","KEN"
"5859","Lower-middle-income economies","83","Kiribati","296","KI","KIR"
"5859","Lower-middle-income economies","113","Kyrgyzstan","417","KG","KGZ"
"5859","Lower-middle-income economies","120","Lao People's Democratic Republic","418","LA","LAO"
"5859","Lower-middle-income economies","122","Lesotho","426","LS","LSO"
"5859","Lower-middle-income economies","136","Mauritania","478","MR","MRT"
"5859","Lower-middle-income economies","145","Micronesia (Federated States of)","583","FM","FSM"
"5859","Lower-middle-income economies","141","Mongolia","496","MN","MNG"
"5859","Lower-middle-income economies","143","Morocco","504","MA","MAR"
"5859","Lower-middle-income economies","28","Myanmar","104","MM","MMR"
"5859","Lower-middle-income economies","157","Nicaragua","558","NI","NIC"
"5859","Lower-middle-income economies","159","Nigeria","566","NG","NGA"
"5859","Lower-middle-income economies","165","Pakistan","586","PK","PAK"
"5859","Lower-middle-income economies","299","Palestine","275","","PSE"
"5859","Lower-middle-income economies","168","Papua New Guinea","598","PG","PNG"
"5859","Lower-middle-income economies","171","Philippines","608","PH","PHL"
"5859","Lower-middle-income economies","146","Republic of Moldova","498","MD","MDA"
"5859","Lower-middle-income economies","193","Sao Tome and Principe","678","ST","STP"
"5859","Lower-middle-income economies","25","Solomon Islands","90","SB","SLB"
"5859","Lower-middle-income economies","38","Sri Lanka","144","LK","LKA"
"5859","Lower-middle-income economies","276","Sudan","729","SD","SDN"
"5859","Lower-middle-income economies","176","Timor-Leste","626","TL","TLS"
"5859","Lower-middle-income economies","222","Tunisia","788","TN","TUN"
"5859","Lower-middle-income economies","230","Ukraine","804","UA","UKR"
"5859","Lower-middle-income economies","235","Uzbekistan","860","UZ","UZB"
"5859","Lower-middle-income economies","155","Vanuatu","548","VU","VUT"
"5859","Lower-middle-income economies","237","Viet Nam","704","VN","VNM"
"5859","Lower-middle-income economies","251","Zambia","894","ZM","ZMB"
"5502","Melanesia","66","Fiji","242","FJ","FJI"
"5502","Melanesia","153","New Caledonia","540","NC","NCL"
"5502","Melanesia","168","Papua New Guinea","598","PG","PNG"
"5502","Melanesia","25","Solomon Islands","90","SB","SLB"
"5502","Melanesia","155","Vanuatu","548","VU","VUT"
"5503","Micronesia","83","Kiribati","296","KI","KIR"
"5503","Micronesia","127","Marshall Islands","584","MH","MHL"
"5503","Micronesia","145","Micronesia (Federated States of)","583","FM","FSM"
"5503","Micronesia","148","Nauru","520","NR","NRU"
"5503","Micronesia","180","Palau","585","PW","PLW"
"5102","Middle Africa","7","Angola","24","AO","AGO"
"5102","Middle Africa","32","Cameroon","120","CM","CMR"
"5102","Middle Africa","37","Central African Republic","140","CF","CAF"
"5102","Middle Africa","39","Chad","148","TD","TCD"
"5102","Middle Africa","46","Congo","178","CG","COG"
"5102","Middle Africa","250","Democratic Republic of the Congo","180","CD","COD"
"5102","Middle Africa","61","Equatorial Guinea","226","GQ","GNQ"
"5102","Middle Africa","74","Gabon","266","GA","GAB"
"5102","Middle Africa","193","Sao Tome and Principe","678","ST","STP"
"429","North Africa (exc Sudan)","4","Algeria","12","DZ","DZA"
"429","North Africa (exc Sudan)","59","Egypt","818","EG","EGY"
"429","North Africa (exc Sudan)","124","Libya","434","LY","LBY"
"429","North Africa (exc Sudan)","143","Morocco","504","MA","MAR"
"429","North Africa (exc Sudan)","222","Tunisia","788","TN","TUN"
"5103","Northern Africa","4","Algeria","12","DZ","DZA"
"5103","Northern Africa","59","Egypt","818","EG","EGY"
"5103","Northern Africa","124","Libya","434","LY","LBY"
"5103","Northern Africa","143","Morocco","504","MA","MAR"
"5103","Northern Africa","276","Sudan","729","SD","SDN"
"5103","Northern Africa","222","Tunisia","788","TN","TUN"
"5203","Northern America","17","Bermuda","60","BM","BMU"
"5203","Northern America","33","Canada","124","CA","CAN"
"5203","Northern America","85","Greenland","304","GL","GRL"
"5203","Northern America","231","United States of America","840","US","USA"
"5208","Northern America and Europe","3","Albania","8","AL","ALB"
"5208","Northern America and Europe","6","Andorra","20","AD","AND"
"5208","Northern America and Europe","11","Austria","40","AT","AUT"
"5208","Northern America and Europe","57","Belarus","112","BY","BLR"
"5208","Northern America and Europe","255","Belgium","56","BE","BEL"
"5208","Northern America and Europe","17","Bermuda","60","BM","BMU"
"5208","Northern America and Europe","80","Bosnia and Herzegovina","70","BA","BIH"
"5208","Northern America and Europe","27","Bulgaria","100","BG","BGR"
"5208","Northern America and Europe","33","Canada","124","CA","CAN"
"5208","Northern America and Europe","98","Croatia","191","HR","HRV"
"5208","Northern America and Europe","167","Czechia","203","CZ","CZE"
"5208","Northern America and Europe","54","Denmark","208","DK","DNK"
"5208","Northern America and Europe","63","Estonia","233","EE","EST"
"5208","Northern America and Europe","67","Finland","246","FI","FIN"
"5208","Northern America and Europe","68","France","250","FR","FRA"
"5208","Northern America and Europe","79","Germany","276","DE","DEU"
"5208","Northern America and Europe","84","Greece","300","GR","GRC"
"5208","Northern America and Europe","85","Greenland","304","GL","GRL"
"5208","Northern America and Europe","97","Hungary","348","HU","HUN"
"5208","Northern America and Europe","99","Iceland","352","IS","ISL"
"5208","Northern America and Europe","104","Ireland","372","IE","IRL"
"5208","Northern America and Europe","106","Italy","380","IT","ITA"
"5208","Northern America and Europe","119","Latvia","428","LV","LVA"
"5208","Northern America and Europe","126","Lithuania","440","LT","LTU"
"5208","Northern America and Europe","256","Luxembourg","442","LU","LUX"
"5208","Northern America and Europe","134","Malta","470","MT","MLT"
"5208","Northern America and Europe","273","Montenegro","499","ME","MNE"
"5208","Northern America and Europe","150","Netherlands","528","NL","NLD"
"5208","Northern America and Europe","154","North Macedonia","807","MK","MKD"
"5208","Northern America and Europe","162","Norway","578","NO","NOR"
"5208","Northern America and Europe","173","Poland","616","PL","POL"
"5208","Northern America and Europe","174","Portugal","620","PT","PRT"
"5208","Northern America and Europe","146","Republic of Moldova","498","MD","MDA"
"5208","Northern America and Europe","183","Romania","642","RO","ROU"
"5208","Northern America and Europe","185","Russian Federation","643","RU","RUS"
"5208","Northern America and Europe","272","Serbia","688","RS","SRB"
"5208","Northern America and Europe","199","Slovakia","703","SK","SVK"
"5208","Northern America and Europe","198","Slovenia","705","SI","SVN"
"5208","Northern America and Europe","203","Spain","724","ES","ESP"
"5208","Northern America and Europe","210","Sweden","752","SE","SWE"
"5208","Northern America and Europe","211","Switzerland","756","CH","CHE"
"5208","Northern America and Europe","230","Ukraine","804","UA","UKR"
"5208","Northern America and Europe","229","United Kingdom","826","GB","GBR"
"5208","Northern America and Europe","231","United States of America","840","US","USA"
"5402","Northern Europe","54","Denmark","208","DK","DNK"
"5402","Northern Europe","63","Estonia","233","EE","EST"
"5402","Northern Europe","67","Finland","246","FI","FIN"
"5402","Northern Europe","99","Iceland","352","IS","ISL"
"5402","Northern Europe","104","Ireland","372","IE","IRL"
"5402","Northern Europe","119","Latvia","428","LV","LVA"
"5402","Northern Europe","126","Lithuania","440","LT","LTU"
"5402","Northern Europe","162","Norway","578","NO","NOR"
"5402","Northern Europe","210","Sweden","752","SE","SWE"
"5402","Northern Europe","229","United Kingdom","826","GB","GBR"
"5500","Oceania","5","American Samoa","16","AS","ASM"
"5500","Oceania","10","Australia","36","AU","AUS"
"5500","Oceania","47","Cook Islands","184","CK","COK"
"5500","Oceania","66","Fiji","242","FJ","FJI"
"5500","Oceania","70","French Polynesia","258","PF","PYF"
"5500","Oceania","83","Kiribati","296","KI","KIR"
"5500","Oceania","127","Marshall Islands","584","MH","MHL"
"5500","Oceania","145","Micronesia (Federated States of)","583","FM","FSM"
"5500","Oceania","148","Nauru","520","NR","NRU"
"5500","Oceania","153","New Caledonia","540","NC","NCL"
"5500","Oceania","156","New Zealand","554","NZ","NZL"
"5500","Oceania","160","Niue","570","NU","NIU"
"5500","Oceania","180","Palau","585","PW","PLW"
"5500","Oceania","168","Papua New Guinea","598","PG","PNG"
"5500","Oceania","244","Samoa","882","WS","WSM"
"5500","Oceania","25","Solomon Islands","90","SB","SLB"
"5500","Oceania","218","Tokelau","772","TK","TKL"
"5500","Oceania","219","Tonga","776","TO","TON"
"5500","Oceania","227","Tuvalu","798","TV","TUV"
"5500","Oceania","155","Vanuatu","548","VU","VUT"
"5807","Oceania excluding Australia and New Zealand","5","American Samoa","16","AS","ASM"
"5807","Oceania excluding Australia and New Zealand","47","Cook Islands","184","CK","COK"
"5807","Oceania excluding Australia and New Zealand","66","Fiji","242","FJ","FJI"
"5807","Oceania excluding Australia and New Zealand","70","French Polynesia","258","PF","PYF"
"5807","Oceania excluding Australia and New Zealand","83","Kiribati","296","KI","KIR"
"5807","Oceania excluding Australia and New Zealand","127","Marshall Islands","584","MH","MHL"
"5807","Oceania excluding Australia and New Zealand","145","Micronesia (Federated States of)","583","FM","FSM"
"5807","Oceania excluding Australia and New Zealand","148","Nauru","520","NR","NRU"
"5807","Oceania excluding Australia and New Zealand","153","New Caledonia","540","NC","NCL"
"5807","Oceania excluding Australia and New Zealand","160","Niue","570","NU","NIU"
"5807","Oceania excluding Australia and New Zealand","180","Palau","585","PW","PLW"
"5807","Oceania excluding Australia and New Zealand","168","Papua New Guinea","598","PG","PNG"
"5807","Oceania excluding Australia and New Zealand","244","Samoa","882","WS","WSM"
"5807","Oceania excluding Australia and New Zealand","25","Solomon Islands","90","SB","SLB"
"5807","Oceania excluding Australia and New Zealand","218","Tokelau","772","TK","TKL"
"5807","Oceania excluding Australia and New Zealand","219","Tonga","776","TO","TON"
"5807","Oceania excluding Australia and New Zealand","227","Tuvalu","798","TV","TUV"
"5807","Oceania excluding Australia and New Zealand","155","Vanuatu","548","VU","VUT"
"5504","Polynesia","5","American Samoa","16","AS","ASM"
"5504","Polynesia","47","Cook Islands","184","CK","COK"
"5504","Polynesia","70","French Polynesia","258","PF","PYF"
"5504","Polynesia","160","Niue","570","NU","NIU"
"5504","Polynesia","244","Samoa","882","WS","WSM"
"5504","Polynesia","218","Tokelau","772","TK","TKL"
"5504","Polynesia","219","Tonga","776","TO","TON"
"5504","Polynesia","227","Tuvalu","798","TV","TUV"
"5803","Small Island Developing States","5","American Samoa","16","AS","ASM"
"5803","Small Island Developing States","8","Antigua and Barbuda","28","AG","ATG"
"5803","Small Island Developing States","12","Bahamas","44","BS","BHS"
"5803","Small Island Developing States","13","Bahrain","48","BH","BHR"
"5803","Small Island Developing States","14","Barbados","52","BB","BRB"
"5803","Small Island Developing States","23","Belize","84","BZ","BLZ"
"5803","Small Island Developing States","17","Bermuda","60","BM","BMU"
"5803","Small Island Developing States","35","Cabo Verde","132","CV","CPV"
"5803","Small Island Developing States","45","Comoros","174","KM","COM"
"5803","Small Island Developing States","47","Cook Islands","184","CK","COK"
"5803","Small Island Developing States","49","Cuba","192","CU","CUB"
"5803","Small Island Developing States","55","Dominica","212","DM","DMA"
"5803","Small Island Developing States","56","Dominican Republic","214","DO","DOM"
"5803","Small Island Developing States","66","Fiji","242","FJ","FJI"
"5803","Small Island Developing States","70","French Polynesia","258","PF","PYF"
"5803","Small Island Developing States","86","Grenada","308","GD","GRD"
"5803","Small Island Developing States","175","Guinea-Bissau","624","GW","GNB"
"5803","Small Island Developing States","91","Guyana","328","GY","GUY"
"5803","Small Island Developing States","93","Haiti","332","HT","HTI"
"5803","Small Island Developing States","109","Jamaica","388","JM","JAM"
"5803","Small Island Developing States","83","Kiribati","296","KI","KIR"
"5803","Small Island Developing States","132","Maldives","462","MV","MDV"
"5803","Small Island Developing States","127","Marshall Islands","584","MH","MHL"
"5803","Small Island Developing States","137","Mauritius","480","MU","MUS"
"5803","Small Island Developing States","145","Micronesia (Federated States of)","583","FM","FSM"
"5803","Small Island Developing States","148","Nauru","520","NR","NRU"
"5803","Small Island Developing States","153","New Caledonia","540","NC","NCL"
"5803","Small Island Developing States","160","Niue","570","NU","NIU"
"5803","Small Island Developing States","180","Palau","585","PW","PLW"
"5803","Small Island Developing States","168","Papua New Guinea","598","PG","PNG"
"5803","Small Island Developing States","177","Puerto Rico","630","PR","PRI"
"5803","Small Island Developing States","188","Saint Kitts and Nevis","659","KN","KNA"
"5803","Small Island Developing States","189","Saint Lucia","662","LC","LCA"
"5803","Small Island Developing States","191","Saint Vincent and the Grenadines","670","VC","VCT"
"5803","Small Island Developing States","244","Samoa","882","WS","WSM"
"5803","Small Island Developing States","193","Sao Tome and Principe","678","ST","STP"
"5803","Small Island Developing States","196","Seychelles","690","SC","SYC"
"5803","Small Island Developing States","200","Singapore","702","SG","SGP"
"5803","Small Island Developing States","25","Solomon Islands","90","SB","SLB"
"5803","Small Island Developing States","207","Suriname","740","SR","SUR"
"5803","Small Island Developing States","176","Timor-Leste","626","TL","TLS"
"5803","Small Island Developing States","219","Tonga","776","TO","TON"
"5803","Small Island Developing States","220","Trinidad and Tobago","780","TT","TTO"
"5803","Small Island Developing States","227","Tuvalu","798","TV","TUV"
"5803","Small Island Developing States","155","Vanuatu","548","VU","VUT"
"5207","South America","9","Argentina","32","AR","ARG"
"5207","South America","19","Bolivia (Plurinational State of)","68","BO","BOL"
"5207","South America","21","Brazil","76","BR","BRA"
"5207","South America","40","Chile","152","CL","CHL"
"5207","South America","44","Colombia","170","CO","COL"
"5207","South America","58","Ecuador","218","EC","ECU"
"5207","South America","91","Guyana","328","GY","GUY"
"5207","South America","169","Paraguay","600","PY","PRY"
"5207","South America","170","Peru","604","PE","PER"
"5207","South America","207","Suriname","740","SR","SUR"
"5207","South America","234","Uruguay","858","UY","URY"
"5207","South America","236","Venezuela (Bolivarian Republic of)","862","VE","VEN"
"5855","South Asia (exc India)","2","Afghanistan","4","AF","AFG"
"5855","South Asia (exc India)","16","Bangladesh","50","BD","BGD"
"5855","South Asia (exc India)","18","Bhutan","64","BT","BTN"
"5855","South Asia (exc India)","102","Iran (Islamic Republic of)","364","IR","IRN"
"5855","South Asia (exc India)","132","Maldives","462","MV","MDV"
"5855","South Asia (exc India)","149","Nepal","524","NP","NPL"
"5855","South Asia (exc India)","165","Pakistan","586","PK","PAK"
"5855","South Asia (exc India)","38","Sri Lanka","144","LK","LKA"
"5304","South-Eastern Asia","26","Brunei Darussalam","96","BN","BRN"
"5304","South-Eastern Asia","115","Cambodia","116","KH","KHM"
"5304","South-Eastern Asia","101","Indonesia","360","ID","IDN"
"5304","South-Eastern Asia","120","Lao People's Democratic Republic","418","LA","LAO"
"5304","South-Eastern Asia","131","Malaysia","458","MY","MYS"
"5304","South-Eastern Asia","28","Myanmar","104","MM","MMR"
"5304","South-Eastern Asia","171","Philippines","608","PH","PHL"
"5304","South-Eastern Asia","200","Singapore","702","SG","SGP"
"5304","South-Eastern Asia","216","Thailand","764","TH","THA"
"5304","South-Eastern Asia","176","Timor-Leste","626","TL","TLS"
"5304","South-Eastern Asia","237","Viet Nam","704","VN","VNM"
"5104","Southern Africa","20","Botswana","72","BW","BWA"
"5104","Southern Africa","209","Eswatini","748","SZ","SWZ"
"5104","Southern Africa","122","Lesotho","426","LS","LSO"
"5104","Southern Africa","147","Namibia","516","NA","NAM"
"5104","Southern Africa","202","South Africa","710","ZA","ZAF"
"5303","Southern Asia","2","Afghanistan","4","AF","AFG"
"5303","Southern Asia","16","Bangladesh","50","BD","BGD"
"5303","Southern Asia","18","Bhutan","64","BT","BTN"
"5303","Southern Asia","100","India","356","IN","IND"
"5303","Southern Asia","102","Iran (Islamic Republic of)","364","IR","IRN"
"5303","Southern Asia","132","Maldives","462","MV","MDV"
"5303","Southern Asia","149","Nepal","524","NP","NPL"
"5303","Southern Asia","165","Pakistan","586","PK","PAK"
"5303","Southern Asia","38","Sri Lanka","144","LK","LKA"
"5403","Southern Europe","3","Albania","8","AL","ALB"
"5403","Southern Europe","6","Andorra","20","AD","AND"
"5403","Southern Europe","80","Bosnia and Herzegovina","70","BA","BIH"
"5403","Southern Europe","98","Croatia","191","HR","HRV"
"5403","Southern Europe","84","Greece","300","GR","GRC"
"5403","Southern Europe","106","Italy","380","IT","ITA"
"5403","Southern Europe","134","Malta","470","MT","MLT"
"5403","Southern Europe","273","Montenegro","499","ME","MNE"
"5403","Southern Europe","154","North Macedonia","807","MK","MKD"
"5403","Southern Europe","174","Portugal","620","PT","PRT"
"5403","Southern Europe","272","Serbia","688","RS","SRB"
"5403","Southern Europe","198","Slovenia","705","SI","SVN"
"5403","Southern Europe","203","Spain","724","ES","ESP"
"420","Sub-Saharan Africa","7","Angola","24","AO","AGO"
"420","Sub-Saharan Africa","53","Benin","204","BJ","BEN"
"420","Sub-Saharan Africa","20","Botswana","72","BW","BWA"
"420","Sub-Saharan Africa","233","Burkina Faso","854","BF","BFA"
"420","Sub-Saharan Africa","29","Burundi","108","BI","BDI"
"420","Sub-Saharan Africa","35","Cabo Verde","132","CV","CPV"
"420","Sub-Saharan Africa","32","Cameroon","120","CM","CMR"
"420","Sub-Saharan Africa","37","Central African Republic","140","CF","CAF"
"420","Sub-Saharan Africa","39","Chad","148","TD","TCD"
"420","Sub-Saharan Africa","45","Comoros","174","KM","COM"
"420","Sub-Saharan Africa","46","Congo","178","CG","COG"
"420","Sub-Saharan Africa","107","Côte d'Ivoire","384","CI","CIV"
"420","Sub-Saharan Africa","250","Democratic Republic of the Congo","180","CD","COD"
"420","Sub-Saharan Africa","72","Djibouti","262","DJ","DJI"
"420","Sub-Saharan Africa","61","Equatorial Guinea","226","GQ","GNQ"
"420","Sub-Saharan Africa","178","Eritrea","232","ER","ERI"
"420","Sub-Saharan Africa","209","Eswatini","748","SZ","SWZ"
"420","Sub-Saharan Africa","238","Ethiopia","231","ET","ETH"
"420","Sub-Saharan Africa","74","Gabon","266","GA","GAB"
"420","Sub-Saharan Africa","75","Gambia","270","GM","GMB"
"420","Sub-Saharan Africa","81","Ghana","288","GH","GHA"
"420","Sub-Saharan Africa","90","Guinea","324","GN","GIN"
"420","Sub-Saharan Africa","175","Guinea-Bissau","624","GW","GNB"
"420","Sub-Saharan Africa","114","Kenya","404","KE","KEN"
"420","Sub-Saharan Africa","122","Lesotho","426","LS","LSO"
"420","Sub-Saharan Africa","123","Liberia","430","LR","LBR"
"420","Sub-Saharan Africa","129","Madagascar","450","MG","MDG"
"420","Sub-Saharan Africa","130","Malawi","454","MW","MWI"
"420","Sub-Saharan Africa","133","Mali","466","ML","MLI"
"420","Sub-Saharan Africa","136","Mauritania","478","MR","MRT"
"420","Sub-Saharan Africa","137","Mauritius","480","MU","MUS"
"420","Sub-Saharan Africa","144","Mozambique","508","MZ","MOZ"
"420","Sub-Saharan Africa","147","Namibia","516","NA","NAM"
"420","Sub-Saharan Africa","158","Niger","562","NE","NER"
"420","Sub-Saharan Africa","159","Nigeria","566","NG","NGA"
"420","Sub-Saharan Africa","184","Rwanda","646","RW","RWA"
"420","Sub-Saharan Africa","193","Sao Tome and Principe","678","ST","STP"
"420","Sub-Saharan Africa","195","Senegal","686","SN","SEN"
"420","Sub-Saharan Africa","196","Seychelles","690","SC","SYC"
"420","Sub-Saharan Africa","197","Sierra Leone","694","SL","SLE"
"420","Sub-Saharan Africa","201","Somalia","706","SO","SOM"
"420","Sub-Saharan Africa","202","South Africa","710","ZA","ZAF"
"420","Sub-Saharan Africa","277","South Sudan","728","SS","SSD"
"420","Sub-Saharan Africa","217","Togo","768","TG","TGO"
"420","Sub-Saharan Africa","226","Uganda","800","UG","UGA"
"420","Sub-Saharan Africa","215","United Republic of Tanzania","834","TZ","TZA"
"420","Sub-Saharan Africa","251","Zambia","894","ZM","ZMB"
"420","Sub-Saharan Africa","181","Zimbabwe","716","ZW","ZWE"
"5810","Sub-Saharan Africa (including Sudan)","7","Angola","24","AO","AGO"
"5810","Sub-Saharan Africa (including Sudan)","53","Benin","204","BJ","BEN"
"5810","Sub-Saharan Africa (including Sudan)","20","Botswana","72","BW","BWA"
"5810","Sub-Saharan Africa (including Sudan)","233","Burkina Faso","854","BF","BFA"
"5810","Sub-Saharan Africa (including Sudan)","29","Burundi","108","BI","BDI"
"5810","Sub-Saharan Africa (including Sudan)","35","Cabo Verde","132","CV","CPV"
"5810","Sub-Saharan Africa (including Sudan)","32","Cameroon","120","CM","CMR"
"5810","Sub-Saharan Africa (including Sudan)","37","Central African Republic","140","CF","CAF"
"5810","Sub-Saharan Africa (including Sudan)","39","Chad","148","TD","TCD"
"5810","Sub-Saharan Africa (including Sudan)","45","Comoros","174","KM","COM"
"5810","Sub-Saharan Africa (including Sudan)","46","Congo","178","CG","COG"
"5810","Sub-Saharan Africa (including Sudan)","107","Côte d'Ivoire","384","CI","CIV"
"5810","Sub-Saharan Africa (including Sudan)","250","Democratic Republic of the Congo","180","CD","COD"
"5810","Sub-Saharan Africa (including Sudan)","72","Djibouti","262","DJ","DJI"
"5810","Sub-Saharan Africa (including Sudan)","61","Equatorial Guinea","226","GQ","GNQ"
"5810","Sub-Saharan Africa (including Sudan)","178","Eritrea","232","ER","ERI"
"5810","Sub-Saharan Africa (including Sudan)","209","Eswatini","748","SZ","SWZ"
"5810","Sub-Saharan Africa (including Sudan)","238","Ethiopia","231","ET","ETH"
"5810","Sub-Saharan Africa (including Sudan)","74","Gabon","266","GA","GAB"
"5810","Sub-Saharan Africa (including Sudan)","75","Gambia","270","GM","GMB"
"5810","Sub-Saharan Africa (including Sudan)","81","Ghana","288","GH","GHA"
"5810","Sub-Saharan Africa (including Sudan)","90","Guinea","324","GN","GIN"
"5810","Sub-Saharan Africa (including Sudan)","175","Guinea-Bissau","624","GW","GNB"
"5810","Sub-Saharan Africa (including Sudan)","114","Kenya","404","KE","KEN"
"5810","Sub-Saharan Africa (including Sudan)","122","Lesotho","426","LS","LSO"
"5810","Sub-Saharan Africa (including Sudan)","123","Liberia","430","LR","LBR"
"5810","Sub-Saharan Africa (including Sudan)","129","Madagascar","450","MG","MDG"
"5810","Sub-Saharan Africa (including Sudan)","130","Malawi","454","MW","MWI"
"5810","Sub-Saharan Africa (including Sudan)","133","Mali","466","ML","MLI"
"5810","Sub-Saharan Africa (including Sudan)","136","Mauritania","478","MR","MRT"
"5810","Sub-Saharan Africa (including Sudan)","137","Mauritius","480","MU","MUS"
"5810","Sub-Saharan Africa (including Sudan)","144","Mozambique","508","MZ","MOZ"
"5810","Sub-Saharan Africa (including Sudan)","147","Namibia","516","NA","NAM"
"5810","Sub-Saharan Africa (including Sudan)","158","Niger","562","NE","NER"
"5810","Sub-Saharan Africa (including Sudan)","159","Nigeria","566","NG","NGA"
"5810","Sub-Saharan Africa (including Sudan)","184","Rwanda","646","RW","RWA"
"5810","Sub-Saharan Africa (including Sudan)","193","Sao Tome and Principe","678","ST","STP"
"5810","Sub-Saharan Africa (including Sudan)","195","Senegal","686","SN","SEN"
"5810","Sub-Saharan Africa (including Sudan)","196","Seychelles","690","SC","SYC"
"5810","Sub-Saharan Africa (including Sudan)","197","Sierra Leone","694","SL","SLE"
"5810","Sub-Saharan Africa (including Sudan)","201","Somalia","706","SO","SOM"
"5810","Sub-Saharan Africa (including Sudan)","202","South Africa","710","ZA","ZAF"
"5810","Sub-Saharan Africa (including Sudan)","277","South Sudan","728","SS","SSD"
"5810","Sub-Saharan Africa (including Sudan)","276","Sudan","729","SD","SDN"
"5810","Sub-Saharan Africa (including Sudan)","217","Togo","768","TG","TGO"
"5810","Sub-Saharan Africa (including Sudan)","226","Uganda","800","UG","UGA"
"5810","Sub-Saharan Africa (including Sudan)","215","United Republic of Tanzania","834","TZ","TZA"
"5810","Sub-Saharan Africa (including Sudan)","251","Zambia","894","ZM","ZMB"
"5810","Sub-Saharan Africa (including Sudan)","181","Zimbabwe","716","ZW","ZWE"
"9011","Upper-middle-income economies","3","Albania","8","AL","ALB"
"9011","Upper-middle-income economies","4","Algeria","12","DZ","DZA"
"9011","Upper-middle-income economies","5","American Samoa","16","AS","ASM"
"9011","Upper-middle-income economies","1","Armenia","51","AM","ARM"
"9011","Upper-middle-income economies","52","Azerbaijan","31","AZ","AZE"
"9011","Upper-middle-income economies","57","Belarus","112","BY","BLR"
"9011","Upper-middle-income economies","23","Belize","84","BZ","BLZ"
"9011","Upper-middle-income economies","80","Bosnia and Herzegovina","70","BA","BIH"
"9011","Upper-middle-income economies","20","Botswana","72","BW","BWA"
"9011","Upper-middle-income economies","21","Brazil","76","BR","BRA"
"9011","Upper-middle-income economies","27","Bulgaria","100","BG","BGR"
"9011","Upper-middle-income economies","41","China, mainland","1248","CN","CHN"
"9011","Upper-middle-income economies","44","Colombia","170","CO","COL"
"9011","Upper-middle-income economies","48","Costa Rica","188","CR","CRI"
"9011","Upper-middle-income economies","49","Cuba","192","CU","CUB"
"9011","Upper-middle-income economies","55","Dominica","212","DM","DMA"
"9011","Upper-middle-income economies","56","Dominican Republic","214","DO","DOM"
"9011","Upper-middle-income economies","58","Ecuador","218","EC","ECU"
"9011","Upper-middle-income economies","61","Equatorial Guinea","226","GQ","GNQ"
"9011","Upper-middle-income economies","66","Fiji","242","FJ","FJI"
"9011","Upper-middle-income economies","74","Gabon","266","GA","GAB"
"9011","Upper-middle-income economies","86","Grenada","308","GD","GRD"
"9011","Upper-middle-income economies","89","Guatemala","320","GT","GTM"
"9011","Upper-middle-income economies","91","Guyana","328","GY","GUY"
"9011","Upper-middle-income economies","102","Iran (Islamic Republic of)","364","IR","IRN"
"9011","Upper-middle-income economies","103","Iraq","368","IQ","IRQ"
"9011","Upper-middle-income economies","109","Jamaica","388","JM","JAM"
"9011","Upper-middle-income economies","112","Jordan","400","JO","JOR"
"9011","Upper-middle-income economies","108","Kazakhstan","398","KZ","KAZ"
"9011","Upper-middle-income economies","121","Lebanon","422","LB","LBN"
"9011","Upper-middle-income economies","124","Libya","434","LY","LBY"
"9011","Upper-middle-income economies","131","Malaysia","458","MY","MYS"
"9011","Upper-middle-income economies","132","Maldives","462","MV","MDV"
"9011","Upper-middle-income economies","127","Marshall Islands","584","MH","MHL"
"9011","Upper-middle-income economies","137","Mauritius","480","MU","MUS"
"9011","Upper-middle-income economies","138","Mexico","484","MX","MEX"
"9011","Upper-middle-income economies","273","Montenegro","499","ME","MNE"
"9011","Upper-middle-income economies","147","Namibia","516","NA","NAM"
"9011","Upper-middle-income economies","148","Nauru","520","NR","NRU"
"9011","Upper-middle-income economies","154","North Macedonia","807","MK","MKD"
"9011","Upper-middle-income economies","169","Paraguay","600","PY","PRY"
"9011","Upper-middle-income economies","170","Peru","604","PE","PER"
"9011","Upper-middle-income economies","183","Romania","642","RO","ROU"
"9011","Upper-middle-income economies","185","Russian Federation","643","RU","RUS"
"9011","Upper-middle-income economies","189","Saint Lucia","662","LC","LCA"
"9011","Upper-middle-income economies","191","Saint Vincent and the Grenadines","670","VC","VCT"
"9011","Upper-middle-income economies","244","Samoa","882","WS","WSM"
"9011","Upper-middle-income economies","272","Serbia","688","RS","SRB"
"9011","Upper-middle-income economies","202","South Africa","710","ZA","ZAF"
"9011","Upper-middle-income economies","207","Suriname","740","SR","SUR"
"9011","Upper-middle-income economies","216","Thailand","764","TH","THA"
"9011","Upper-middle-income economies","219","Tonga","776","TO","TON"
"9011","Upper-middle-income economies","223","Turkey","792","TR","TUR"
"9011","Upper-middle-income economies","213","Turkmenistan","795","TM","TKM"
"9011","Upper-middle-income economies","227","Tuvalu","798","TV","TUV"
"9011","Upper-middle-income economies","236","Venezuela (Bolivarian Republic of)","862","VE","VEN"
"5105","Western Africa","53","Benin","204","BJ","BEN"
"5105","Western Africa","233","Burkina Faso","854","BF","BFA"
"5105","Western Africa","35","Cabo Verde","132","CV","CPV"
"5105","Western Africa","107","Côte d'Ivoire","384","CI","CIV"
"5105","Western Africa","75","Gambia","270","GM","GMB"
"5105","Western Africa","81","Ghana","288","GH","GHA"
"5105","Western Africa","90","Guinea","324","GN","GIN"
"5105","Western Africa","175","Guinea-Bissau","624","GW","GNB"
"5105","Western Africa","123","Liberia","430","LR","LBR"
"5105","Western Africa","133","Mali","466","ML","MLI"
"5105","Western Africa","136","Mauritania","478","MR","MRT"
"5105","Western Africa","158","Niger","562","NE","NER"
"5105","Western Africa","159","Nigeria","566","NG","NGA"
"5105","Western Africa","195","Senegal","686","SN","SEN"
"5105","Western Africa","197","Sierra Leone","694","SL","SLE"
"5105","Western Africa","217","Togo","768","TG","TGO"
"5305","Western Asia","1","Armenia","51","AM","ARM"
"5305","Western Asia","52","Azerbaijan","31","AZ","AZE"
"5305","Western Asia","13","Bahrain","48","BH","BHR"
"5305","Western Asia","50","Cyprus","196","CY","CYP"
"5305","Western Asia","73","Georgia","268","GE","GEO"
"5305","Western Asia","103","Iraq","368","IQ","IRQ"
"5305","Western Asia","105","Israel","376","IL","ISR"
"5305","Western Asia","112","Jordan","400","JO","JOR"
"5305","Western Asia","118","Kuwait","414","KW","KWT"
"5305","Western Asia","121","Lebanon","422","LB","LBN"
"5305","Western Asia","221","Oman","512","OM","OMN"
"5305","Western Asia","299","Palestine","275","","PSE"
"5305","Western Asia","179","Qatar","634","QA","QAT"
"5305","Western Asia","194","Saudi Arabia","682","SA","SAU"
"5305","Western Asia","212","Syrian Arab Republic","760","SY","SYR"
"5305","Western Asia","223","Turkey","792","TR","TUR"
"5305","Western Asia","225","United Arab Emirates","784","AE","ARE"
"5305","Western Asia","249","Yemen","887","YE","YEM"
"5308","Western Asia and Northern Africa","4","Algeria","12","DZ","DZA"
"5308","Western Asia and Northern Africa","1","Armenia","51","AM","ARM"
"5308","Western Asia and Northern Africa","52","Azerbaijan","31","AZ","AZE"
"5308","Western Asia and Northern Africa","13","Bahrain","48","BH","BHR"
"5308","Western Asia and Northern Africa","50","Cyprus","196","CY","CYP"
"5308","Western Asia and Northern Africa","59","Egypt","818","EG","EGY"
"5308","Western Asia and Northern Africa","73","Georgia","268","GE","GEO"
"5308","Western Asia and Northern Africa","103","Iraq","368","IQ","IRQ"
"5308","Western Asia and Northern Africa","105","Israel","376","IL","ISR"
"5308","Western Asia and Northern Africa","112","Jordan","400","JO","JOR"
"5308","Western Asia and Northern Africa","118","Kuwait","414","KW","KWT"
"5308","Western Asia and Northern Africa","121","Lebanon","422","LB","LBN"
"5308","Western Asia and Northern Africa","124","Libya","434","LY","LBY"
"5308","Western Asia and Northern Africa","143","Morocco","504","MA","MAR"
"5308","Western Asia and Northern Africa","221","Oman","512","OM","OMN"
"5308","Western Asia and Northern Africa","299","Palestine","275","","PSE"
"5308","Western Asia and Northern Africa","179","Qatar","634","QA","QAT"
"5308","Western Asia and Northern Africa","194","Saudi Arabia","682","SA","SAU"
"5308","Western Asia and Northern Africa","276","Sudan","729","SD","SDN"
"5308","Western Asia and Northern Africa","212","Syrian Arab Republic","760","SY","SYR"
"5308","Western Asia and Northern Africa","222","Tunisia","788","TN","TUN"
"5308","Western Asia and Northern Africa","223","Turkey","792","TR","TUR"
"5308","Western Asia and Northern Africa","225","United Arab Emirates","784","AE","ARE"
"5308","Western Asia and Northern Africa","249","Yemen","887","YE","YEM"
"5404","Western Europe","11","Austria","40","AT","AUT"
"5404","Western Europe","255","Belgium","56","BE","BEL"
"5404","Western Europe","68","France","250","FR","FRA"
"5404","Western Europe","79","Germany","276","DE","DEU"
"5404","Western Europe","256","Luxembourg","442","LU","LUX"
"5404","Western Europe","150","Netherlands","528","NL","NLD"
"5404","Western Europe","211","Switzerland","756","CH","CHE"
"5000","World","2","Afghanistan","4","AF","AFG"
"5000","World","3","Albania","8","AL","ALB"
"5000","World","4","Algeria","12","DZ","DZA"
"5000","World","5","American Samoa","16","AS","ASM"
"5000","World","6","Andorra","20","AD","AND"
"5000","World","7","Angola","24","AO","AGO"
"5000","World","8","Antigua and Barbuda","28","AG","ATG"
"5000","World","9","Argentina","32","AR","ARG"
"5000","World","1","Armenia","51","AM","ARM"
"5000","World","10","Australia","36","AU","AUS"
"5000","World","11","Austria","40","AT","AUT"
"5000","World","52","Azerbaijan","31","AZ","AZE"
"5000","World","12","Bahamas","44","BS","BHS"
"5000","World","13","Bahrain","48","BH","BHR"
"5000","World","16","Bangladesh","50","BD","BGD"
"5000","World","14","Barbados","52","BB","BRB"
"5000","World","57","Belarus","112","BY","BLR"
"5000","World","255","Belgium","56","BE","BEL"
"5000","World","23","Belize","84","BZ","BLZ"
"5000","World","53","Benin","204","BJ","BEN"
"5000","World","17","Bermuda","60","BM","BMU"
"5000","World","18","Bhutan","64","BT","BTN"
"5000","World","19","Bolivia (Plurinational State of)","68","BO","BOL"
"5000","World","80","Bosnia and Herzegovina","70","BA","BIH"
"5000","World","20","Botswana","72","BW","BWA"
"5000","World","21","Brazil","76","BR","BRA"
"5000","World","26","Brunei Darussalam","96","BN","BRN"
"5000","World","27","Bulgaria","100","BG","BGR"
"5000","World","233","Burkina Faso","854","BF","BFA"
"5000","World","29","Burundi","108","BI","BDI"
"5000","World","35","Cabo Verde","132","CV","CPV"
"5000","World","115","Cambodia","116","KH","KHM"
"5000","World","32","Cameroon","120","CM","CMR"
"5000","World","33","Canada","124","CA","CAN"
"5000","World","37","Central African Republic","140","CF","CAF"
"5000","World","39","Chad","148","TD","TCD"
"5000","World","40","Chile","152","CL","CHL"
"5000","World","96","China, Hong Kong SAR","344","HK","HKG"
"5000","World","128","China, Macao SAR","446","MO","MAC"
"5000","World","41","China, mainland","1248","CN","CHN"
"5000","World","214","China, Taiwan Province of","158","TW","TWN"
"5000","World","44","Colombia","170","CO","COL"
"5000","World","45","Comoros","174","KM","COM"
"5000","World","46","Congo","178","CG","COG"
"5000","World","47","Cook Islands","184","CK","COK"
"5000","World","48","Costa Rica","188","CR","CRI"
"5000","World","107","Côte d'Ivoire","384","CI","CIV"
"5000","World","98","Croatia","191","HR","HRV"
"5000","World","49","Cuba","192","CU","CUB"
"5000","World","50","Cyprus","196","CY","CYP"
"5000","World","167","Czechia","203","CZ","CZE"
"5000","World","116","Democratic People's Republic of Korea","408","KP","PRK"
"5000","World","250","Democratic Republic of the Congo","180","CD","COD"
"5000","World","54","Denmark","208","DK","DNK"
"5000","World","72","Djibouti","262","DJ","DJI"
"5000","World","55","Dominica","212","DM","DMA"
"5000","World","56","Dominican Republic","214","DO","DOM"
"5000","World","58","Ecuador","218","EC","ECU"
"5000","World","59","Egypt","818","EG","EGY"
"5000","World","60","El Salvador","222","SV","SLV"
"5000","World","61","Equatorial Guinea","226","GQ","GNQ"
"5000","World","178","Eritrea","232","ER","ERI"
"5000","World","63","Estonia","233","EE","EST"
"5000","World","209","Eswatini","748","SZ","SWZ"
"5000","World","238","Ethiopia","231","ET","ETH"
"5000","World","66","Fiji","242","FJ","FJI"
"5000","World","67","Finland","246","FI","FIN"
"5000","World","68","France","250","FR","FRA"
"5000","World","70","French Polynesia","258","PF","PYF"
"5000","World","74","Gabon","266","GA","GAB"
"5000","World","75","Gambia","270","GM","GMB"
"5000","World","73","Georgia","268","GE","GEO"
"5000","World","79","Germany","276","DE","DEU"
"5000","World","81","Ghana","288","GH","GHA"
"5000","World","84","Greece","300","GR","GRC"
"5000","World","85","Greenland","304","GL","GRL"
"5000","World","86","Grenada","308","GD","GRD"
"5000","World","89","Guatemala","320","GT","GTM"
"5000","World","90","Guinea","324","GN","GIN"
"5000","World","175","Guinea-Bissau","624","GW","GNB"
"5000","World","91","Guyana","328","GY","GUY"
"5000","World","93","Haiti","332","HT","HTI"
"5000","World","95","Honduras","340","HN","HND"
"5000","World","97","Hungary","348","HU","HUN"
"5000","World","99","Iceland","352","IS","ISL"
"5000","World","100","India","356","IN","IND"
"5000","World","101","Indonesia","360","ID","IDN"
"5000","World","102","Iran (Islamic Republic of)","364","IR","IRN"
"5000","World","103","Iraq","368","IQ","IRQ"
"5000","World","104","Ireland","372","IE","IRL"
"5000","World","105","Israel","376","IL","ISR"
"5000","World","106","Italy","380","IT","ITA"
"5000","World","109","Jamaica","388","JM","JAM"
"5000","World","110","Japan","392","JP","JPN"
"5000","World","112","Jordan","400","JO","JOR"
"5000","World","108","Kazakhstan","398","KZ","KAZ"
"5000","World","114","Kenya","404","KE","KEN"
"5000","World","83","Kiribati","296","KI","KIR"
"5000","World","118","Kuwait","414","KW","KWT"
"5000","World","113","Kyrgyzstan","417","KG","KGZ"
"5000","World","120","Lao People's Democratic Republic","418","LA","LAO"
"5000","World","119","Latvia","428","LV","LVA"
"5000","World","121","Lebanon","422","LB","LBN"
"5000","World","122","Lesotho","426","LS","LSO"
"5000","World","123","Liberia","430","LR","LBR"
"5000","World","124","Libya","434","LY","LBY"
"5000","World","126","Lithuania","440","LT","LTU"
"5000","World","256","Luxembourg","442","LU","LUX"
"5000","World","129","Madagascar","450","MG","MDG"
"5000","World","130","Malawi","454","MW","MWI"
"5000","World","131","Malaysia","458","MY","MYS"
"5000","World","132","Maldives","462","MV","MDV"
"5000","World","133","Mali","466","ML","MLI"
"5000","World","134","Malta","470","MT","MLT"
"5000","World","127","Marshall Islands","584","MH","MHL"
"5000","World","136","Mauritania","478","MR","MRT"
"5000","World","137","Mauritius","480","MU","MUS"
"5000","World","138","Mexico","484","MX","MEX"
"5000","World","145","Micronesia (Federated States of)","583","FM","FSM"
"5000","World","141","Mongolia","496","MN","MNG"
"5000","World","273","Montenegro","499","ME","MNE"
"5000","World","143","Morocco","504","MA","MAR"
"5000","World","144","Mozambique","508","MZ","MOZ"
"5000","World","28","Myanmar","104","MM","MMR"
"5000","World","147","Namibia","516","NA","NAM"
"5000","World","148","Nauru","520","NR","NRU"
"5000","World","149","Nepal","524","NP","NPL"
"5000","World","150","Netherlands","528","NL","NLD"
"5000","World","153","New Caledonia","540","NC","NCL"
"5000","World","156","New Zealand","554","NZ","NZL"
"5000","World","157","Nicaragua","558","NI","NIC"
"5000","World","158","Niger","562","NE","NER"
"5000","World","159","Nigeria","566","NG","NGA"
"5000","World","160","Niue","570","NU","NIU"
"5000","World","154","North Macedonia","807","MK","MKD"
"5000","World","162","Norway","578","NO","NOR"
"5000","World","221","Oman","512","OM","OMN"
"5000","World","165","Pakistan","586","PK","PAK"
"5000","World","180","Palau","585","PW","PLW"
"5000","World","299","Palestine","275","","PSE"
"5000","World","166","Panama","591","PA","PAN"
"5000","World","168","Papua New Guinea","598","PG","PNG"
"5000","World","169","Paraguay","600","PY","PRY"
"5000","World","170","Peru","604","PE","PER"
"5000","World","171","Philippines","608","PH","PHL"
"5000","World","173","Poland","616","PL","POL"
"5000","World","174","Portugal","620","PT","PRT"
"5000","World","177","Puerto Rico","630","PR","PRI"
"5000","World","179","Qatar","634","QA","QAT"
"5000","World","117","Republic of Korea","410","KR","KOR"
"5000","World","146","Republic of Moldova","498","MD","MDA"
"5000","World","183","Romania","642","RO","ROU"
"5000","World","185","Russian Federation","643","RU","RUS"
"5000","World","184","Rwanda","646","RW","RWA"
"5000","World","188","Saint Kitts and Nevis","659","KN","KNA"
"5000","World","189","Saint Lucia","662","LC","LCA"
"5000","World","191","Saint Vincent and the Grenadines","670","VC","VCT"
"5000","World","244","Samoa","882","WS","WSM"
"5000","World","193","Sao Tome and Principe","678","ST","STP"
"5000","World","194","Saudi Arabia","682","SA","SAU"
"5000","World","195","Senegal","686","SN","SEN"
"5000","World","272","Serbia","688","RS","SRB"
"5000","World","196","Seychelles","690","SC","SYC"
"5000","World","197","Sierra Leone","694","SL","SLE"
"5000","World","200","Singapore","702","SG","SGP"
"5000","World","199","Slovakia","703","SK","SVK"
"5000","World","198","Slovenia","705","SI","SVN"
"5000","World","25","Solomon Islands","90","SB","SLB"
"5000","World","201","Somalia","706","SO","SOM"
"5000","World","202","South Africa","710","ZA","ZAF"
"5000","World","277","South Sudan","728","SS","SSD"
"5000","World","203","Spain","724","ES","ESP"
"5000","World","38","Sri Lanka","144","LK","LKA"
"5000","World","276","Sudan","729","SD","SDN"
"5000","World","207","Suriname","740","SR","SUR"
"5000","World","210","Sweden","752","SE","SWE"
"5000","World","211","Switzerland","756","CH","CHE"
"5000","World","212","Syrian Arab Republic","760","SY","SYR"
"5000","World","208","Tajikistan","762","TJ","TJK"
"5000","World","216","Thailand","764","TH","THA"
"5000","World","176","Timor-Leste","626","TL","TLS"
"5000","World","217","Togo","768","TG","TGO"
"5000","World","218","Tokelau","772","TK","TKL"
"5000","World","219","Tonga","776","TO","TON"
"5000","World","220","Trinidad and Tobago","780","TT","TTO"
"5000","World","222","Tunisia","788","TN","TUN"
"5000","World","223","Turkey","792","TR","TUR"
"5000","World","213","Turkmenistan","795","TM","TKM"
"5000","World","227","Tuvalu","798","TV","TUV"
"5000","World","226","Uganda","800","UG","UGA"
"5000","World","230","Ukraine","804","UA","UKR"
"5000","World","225","United Arab Emirates","784","AE","ARE"
"5000","World","229","United Kingdom","826","GB","GBR"
"5000","World","215","United Republic of Tanzania","834","TZ","TZA"
"5000","World","231","United States of America","840","US","USA"
"5000","World","234","Uruguay","858","UY","URY"
"5000","World","235","Uzbekistan","860","UZ","UZB"
"5000","World","155","Vanuatu","548","VU","VUT"
"5000","World","236","Venezuela (Bolivarian Republic of)","862","VE","VEN"
"5000","World","237","Viet Nam","704","VN","VNM"
"5000","World","249","Yemen","887","YE","YEM"
"5000","World","251","Zambia","894","ZM","ZMB"
"5000","World","181","Zimbabwe","716","ZW","ZWE"
